id,rate,cnty,state,pop
01001,5.1,Autauga,AL,55278
01003,4.9,Baldwin,AL,207509
01005,8.6,Barbour,AL,25774
01007,6.2,Bibb,AL,22633
01009,5.1,Blount,AL,57562
01011,7.1,Bullock,AL,10441
01013,6.7,Butler,AL,19965
01015,6.1,Calhoun,AL,114980
01017,5,Chambers,AL,33717
01019,5,Cherokee,AL,25766
01021,5.2,Chilton,AL,43830
01023,7.9,Choctaw,AL,13050
01025,11.1,Clarke,AL,24350
01027,5.9,Clay,AL,13410
01029,5.5,Cleburne,AL,14873
01031,5.6,Coffee,AL,51217
01033,6.5,Colbert,AL,54327
01035,7.7,Conecuh,AL,12515
01037,5.7,Coosa,AL,10809
01039,6.7,Covington,AL,37386
01041,5.7,Crenshaw,AL,13907
01043,4.8,Cullman,AL,82322
01045,5.6,Dale,AL,49228
01047,9.5,Dallas,AL,40081
01049,5.7,DeKalb,AL,71216
01051,4.7,Elmore,AL,81240
01053,6.3,Escambia,AL,37476
01055,5.7,Etowah,AL,102726
01057,6.6,Fayette,AL,16538
01059,5.5,Franklin,AL,31577
01061,5.4,Geneva,AL,26516
01063,9.3,Greene,AL,8488
01065,7.6,Hale,AL,14847
01067,6.3,Henry,AL,17092
01069,5.6,Houston,AL,104173
01071,5.9,Jackson,AL,52049
01073,5.5,Jefferson,AL,659747
01075,5.2,Lamar,AL,13949
01077,6,Lauderdale,AL,92319
01079,6.4,Lawrence,AL,33232
01081,4.9,Lee,AL,158983
01083,5,Limestone,AL,92920
01085,10.3,Lowndes,AL,10241
01087,7.2,Macon,AL,19072
01089,4.9,Madison,AL,356312
01091,6.9,Marengo,AL,19505
01093,6.1,Marion,AL,29922
01095,5.1,Marshall,AL,95043
01097,6.5,Mobile,AL,414852
01099,8.6,Monroe,AL,21572
01101,5.6,Montgomery,AL,226716
01103,5.2,Morgan,AL,118819
01105,10.9,Perry,AL,9570
01107,6.7,Pickens,AL,20315
01109,6.4,Pike,AL,33215
01111,5.7,Randolph,AL,22498
01113,5.3,Russell,AL,58177
01115,5,St. Clair,AL,87482
01117,4.2,Shelby,AL,211073
01119,7.3,Sumter,AL,12932
01121,6.4,Talladega,AL,80386
01123,5.1,Tallapoosa,AL,40574
01125,5.5,Tuscaloosa,AL,206282
01127,7.2,Walker,AL,64561
01129,8.3,Washington,AL,16646
01131,13.9,Wilcox,AL,10875
01133,7,Winston,AL,23887
02013,1.9,Aleutians East,AK,3324
02016,2.2,Aleutians West Census Area,AK,5747
02020,5,Anchorage,AK,297376
02050,14.1,Bethel Census Area,AK,17980
02060,5.6,Bristol Bay,AK,905
02068,3.2,Denali,AK,2045
02070,8.1,Dillingham Census Area,AK,4976
02090,4.9,Fairbanks North Star,AK,100602
02100,5.9,Haines,AK,2531
02105,7.3,Hoonah–Angoon Census Area,AK,2145
02110,3.6,Juneau,AK,32405
02122,6.9,Kenai Peninsula,AK,58543
02130,4.4,Ketchikan Gateway,AK,13727
02150,4.8,Kodiak Island,AK,13679
02158,21.7,Kusilvak Census Area,AK,8161
02164,9.2,Lake and Peninsula,AK,1602
02170,7.4,Matanuska-Susitna,AK,104123
02180,13.6,Nome Census Area,AK,9915
02185,6.9,North Slope,AK,9685
02188,16.5,Northwest Arctic,AK,7662
02195,5.7,Petersburg Borough,AK,3278
02198,9.4,Prince of Wales-Hyder Census Area,AK,6507
02220,3,Sitka,AK,8768
02230,3,Skagway,AK,1130
02240,8.7,Southeast Fairbanks Census Area,AK,6840
02261,5.4,Valdez-Cordova Census Area,AK,9340
02275,5.4,Wrangell,AK,2502
02282,5.8,Yakutat,AK,612
02290,16.4,Yukon-Koyukuk Census Area,AK,5412
04001,11.8,Apache,AZ,71373
04003,6.5,Cochise,AZ,125355
04005,6.4,Coconino,AZ,140079
04007,7.6,Gila,AZ,53297
04009,7.3,Graham,AZ,37767
04011,7.7,Greenlee,AZ,9623
04012,6.6,La Paz,AZ,20523
04013,4.9,Maricopa,AZ,4233383
04015,7,Mohave,AZ,205385
04017,8.5,Navajo,AZ,108322
04019,5.4,Pima,AZ,1012519
04021,5.9,Pinal,AZ,415115
04023,13,Santa Cruz,AZ,46075
04025,5,Yavapai,AZ,224363
04027,24.4,Yuma,AZ,205463
05001,3.2,Arkansas,AR,18215
05003,6.3,Ashley,AR,20498
05005,4.1,Baxter,AR,41145
05007,2.7,Benton,AR,258704
05009,3.3,Boone,AR,37191
05011,5.9,Bradley,AR,10979
05013,5.1,Calhoun,AR,5162
05015,2.8,Carroll,AR,27728
05017,6,Chicot,AR,10912
05019,4.5,Clark,AR,22550
05021,5,Clay,AR,15057
05023,5.7,Cleburne,AR,25159
05025,4.4,Cleveland,AR,8260
05027,5.7,Columbia,AR,23983
05029,5.9,Conway,AR,20895
05031,3.1,Craighead,AR,105781
05033,3.7,Crawford,AR,62259
05035,4.4,Crittenden,AR,49320
05037,3.9,Cross,AR,17037
05039,5,Dallas,AR,7430
05041,5.1,Desha,AR,11920
05043,5.7,Drew,AR,18628
05045,3.7,Faulkner,AR,122083
05047,3.9,Franklin,AR,17671
05049,3.9,Fulton,AR,12039
05051,4,Garland,AR,98231
05053,3.2,Grant,AR,18094
05055,4,Greene,AR,44715
05057,3.7,Hempstead,AR,22026
05059,3.6,Hot Spring,AR,33446
05061,3.4,Howard,AR,13438
05063,5,Independence,AR,37094
05065,5.3,Izard,AR,13490
05067,5.9,Jackson,AR,17309
05069,5.9,Jefferson,AR,70342
05071,4.8,Johnson,AR,26225
05073,6.2,Lafayette,AR,6928
05075,4.5,Lawrence,AR,16639
05077,4.5,Lee,AR,9360
05079,4.9,Lincoln,AR,13810
05081,5.1,Little River,AR,12430
05083,4.4,Logan,AR,21713
05085,3.2,Lonoke,AR,71757
05087,3,Madison,AR,16105
05089,3.8,Marion,AR,16369
05091,4.3,Miller,AR,43874
05093,7.1,Mississippi,AR,42885
05095,4.5,Monroe,AR,7235
05097,4.6,Montgomery,AR,8949
05099,3.7,Nevada,AR,8374
05101,3.6,Newton,AR,7869
05103,5.6,Ouachita,AR,24019
05105,4.4,Perry,AR,10273
05107,5.5,Phillips,AR,19050
05109,3.8,Pike,AR,10817
05111,4.1,Poinsett,AR,24008
05113,4.7,Polk,AR,20141
05115,4.7,Pope,AR,63852
05117,3.7,Prairie,AR,8271
05119,3.5,Pulaski,AR,393677
05121,4.6,Randolph,AR,17408
05123,5,St. Francis,AR,26304
05125,3,Saline,AR,117577
05127,3.7,Scott,AR,10360
05129,4.3,Searcy,AR,7965
05131,3.5,Sebastian,AR,127567
05133,4.8,Sevier,AR,16955
05135,5.2,Sharp,AR,17138
05137,4.8,Stone,AR,12500
05139,5.6,Union,AR,39867
05141,6.4,Van Buren,AR,16622
05143,2.6,Washington,AR,227600
05145,4.8,White,AR,78838
05147,5.3,Woodruff,AR,6623
05149,4.4,Yell,AR,21486
06001,4.6,Alameda,CA,1653236
06003,7.3,Alpine,CA,1057
06005,5.7,Amador,CA,37473
06007,6.6,Butte,CA,226525
06009,5.7,Calaveras,CA,45315
06011,10,Colusa,CA,21645
06013,4.7,Contra Costa,CA,1138645
06015,7.3,Del Norte,CA,27450
06017,5.1,El Dorado,CA,186272
06019,8.7,Fresno,CA,979534
06021,7.9,Glenn,CA,27967
06023,5.1,Humboldt,CA,136449
06025,26.4,Imperial,CA,180980
06027,4.9,Inyo,CA,18034
06029,9.7,Kern,CA,885086
06031,8.9,Kings,CA,149797
06033,6.3,Lake,CA,63950
06035,6.1,Lassen,CA,30944
06037,5.3,Los Angeles,CA,10150558
06039,8.2,Madera,CA,154966
06041,3.5,Marin,CA,261532
06043,5.4,Mariposa,CA,17524
06045,5,Mendocino,CA,87609
06047,9.2,Merced,CA,268878
06049,6.6,Modoc,CA,8941
06051,5.2,Mono,CA,14101
06053,5.6,Monterey,CA,436363
06055,4,Napa,CA,141649
06057,4.8,Nevada,CA,99053
06059,4.3,Orange,CA,3177703
06061,4.7,Placer,CA,379742
06063,7.1,Plumas,CA,18787
06065,6.9,Riverside,CA,2386522
06067,5.7,Sacramento,CA,1513260
06069,6.2,San Benito,CA,59335
06071,6.2,San Bernardino,CA,2137131
06073,5,San Diego,CA,3317200
06075,3.5,San Francisco,CA,876103
06077,7.7,San Joaquin,CA,734294
06079,4.5,San Luis Obispo,CA,282282
06081,3.2,San Mateo,CA,769561
06083,4.8,Santa Barbara,CA,446296
06085,4,Santa Clara,CA,1931575
06087,5.7,Santa Cruz,CA,275196
06089,6.8,Shasta,CA,178774
06091,6.6,Sierra,CA,2964
06093,7.1,Siskiyou,CA,43511
06095,5.7,Solano,CA,440318
06097,4.1,Sonoma,CA,503833
06099,7.9,Stanislaus,CA,541353
06101,7.9,Sutter,CA,96058
06103,7.4,Tehama,CA,63444
06105,5.9,Trinity,CA,12839
06107,10.6,Tulare,CA,460835
06109,6.1,Tuolumne,CA,53787
06111,5.7,Ventura,CA,851096
06113,5.5,Yolo,CA,215959
06115,8,Yuba,CA,75185
08001,3.6,Adams,CO,497395
08003,4.3,Alamosa,CO,16456
08005,3.2,Arapahoe,CO,636949
08007,3.1,Archuleta,CO,12836
08009,1.8,Baca,CO,3548
08011,3.1,Bent,CO,5681
08013,2.9,Boulder,CO,321173
08014,3.1,Broomfield,CO,66509
08015,2.4,Chaffee,CO,19082
08017,2.7,Cheyenne,CO,1834
08019,3.3,Clear Creek,CO,9361
08021,4.9,Conejos,CO,8072
08023,4.8,Costilla,CO,3705
08025,3.6,Crowley,CO,5254
08027,3,Custer,CO,4601
08029,4.7,Delta,CO,30346
08031,3.2,Denver,CO,694777
08033,4.1,Dolores,CO,2062
08035,2.8,Douglas,CO,327722
08037,2.5,Eagle,CO,54364
08039,2.6,Elbert,CO,25041
08041,3.9,El Paso,CO,686706
08043,5.1,Fremont,CO,46906
08045,3.3,Garfield,CO,58906
08047,2.6,Gilpin,CO,5905
08049,2.3,Grand,CO,15129
08051,2.1,Gunnison,CO,16491
08053,2,Hinsdale,CO,787
08055,6.2,Huerfano,CO,6582
08057,2.3,Jackson,CO,1360
08059,3.1,Jefferson,CO,570839
08061,2.1,Kiowa,CO,1348
08063,1.8,Kit Carson,CO,7628
08065,2.6,Lake,CO,7606
08067,2.9,La Plata,CO,55216
08069,2.9,Larimer,CO,338531
08071,5,Las Animas,CO,14087
08073,2.5,Lincoln,CO,5562
08075,3.3,Logan,CO,21925
08077,5.3,Mesa,CO,149794
08079,1.7,Mineral,CO,755
08081,3.6,Moffat,CO,13161
08083,4.5,Montezuma,CO,25975
08085,3.9,Montrose,CO,41160
08087,3.5,Morgan,CO,28063
08089,4.6,Otero,CO,18239
08091,3.2,Ouray,CO,4784
08093,2.7,Park,CO,17350
08095,2.3,Phillips,CO,4281
08097,2.7,Pitkin,CO,17894
08099,3.5,Prowers,CO,11989
08101,4.9,Pueblo,CO,164834
08103,5.1,Rio Blanco,CO,6483
08105,5.1,Rio Grande,CO,11338
08107,2.6,Routt,CO,24679
08109,5.9,Saguache,CO,6407
08111,2.4,San Juan,CO,689
08113,2.4,San Miguel,CO,7964
08115,2.2,Sedgwick,CO,2405
08117,2.1,Summit,CO,30332
08119,3.7,Teller,CO,24040
08121,2.1,Washington,CO,4846
08123,3.5,Weld,CO,294243
08125,2.2,Yuma,CO,10118
09001,5.2,Fairfield,CT,949191
09003,6,Hartford,CT,895497
09005,4.8,Litchfield,CT,183097
09007,4.8,Middlesex,CT,163433
09009,6.1,New Haven,CT,859973
09011,5.4,New London,CT,269307
09013,4.8,Tolland,CT,151145
09015,5.8,Windham,CT,116042
10001,5.1,Kent,DE,174754
10003,4.5,New Castle,DE,557851
10005,3.7,Sussex,DE,220093
11001,6.5,District of Columbia,DC,684336
12001,4.4,Alachua,FL,264341
12003,4.7,Baker,FL,27915
12005,4.6,Bay,FL,182992
12007,4.2,Bradford,FL,26728
12009,5.2,Brevard,FL,577899
12011,4.6,Broward,FL,1917122
12013,5.9,Calhoun,FL,14361
12015,5.3,Charlotte,FL,178157
12017,6.8,Citrus,FL,142990
12019,4.4,Clay,FL,207240
12021,5.3,Collier,FL,366095
12023,4.8,Columbia,FL,69274
12027,6.1,DeSoto,FL,35925
12029,5.3,Dixie,FL,16477
12031,5.1,Duval,FL,926380
12033,5,Escambia,FL,311711
12035,5.4,Flagler,FL,107805
12037,4.1,Franklin,FL,11799
12039,6.3,Gadsden,FL,46155
12041,5.1,Gilchrist,FL,17210
12043,6.9,Glades,FL,13460
12045,4.3,Gulf,FL,16100
12047,4.4,Hamilton,FL,14324
12049,7.2,Hardee,FL,27371
12051,11.5,Hendry,FL,39640
12053,6,Hernando,FL,182231
12055,6.9,Highlands,FL,101558
12057,4.5,Hillsborough,FL,1381627
12059,5.6,Holmes,FL,19407
12061,6.6,Indian River,FL,151382
12063,5.4,Jackson,FL,48292
12065,5.3,Jefferson,FL,13933
12067,3.8,Lafayette,FL,8654
12069,4.7,Lake,FL,335431
12071,4.7,Lee,FL,722506
12073,4.7,Leon,FL,287074
12075,5.2,Levy,FL,39851
12077,5.4,Liberty,FL,8319
12079,5.3,Madison,FL,18306
12081,4.6,Manatee,FL,375563
12083,5.9,Marion,FL,348139
12085,5,Martin,FL,158484
12086,5.6,Miami-Dade,FL,2736543
12087,3.1,Monroe,FL,77304
12089,4.6,Nassau,FL,79922
12091,3.9,Okaloosa,FL,199915
12093,5.8,Okeechobee,FL,40697
12095,4.3,Orange,FL,1323598
12097,5,Osceola,FL,337990
12099,5.1,Palm Beach,FL,1453768
12101,5.1,Pasco,FL,510561
12103,4.3,Pinellas,FL,962106
12105,5.8,Polk,FL,667018
12107,6,Putnam,FL,72404
12109,3.6,St. Johns,FL,235046
12111,6,St. Lucie,FL,306079
12113,4.6,Santa Rosa,FL,170063
12115,4.5,Sarasota,FL,412879
12117,4.2,Seminole,FL,456314
12119,6.7,Sumter,FL,122121
12121,5.1,Suwannee,FL,43835
12123,5.5,Taylor,FL,22118
12125,4.6,Union,FL,15267
12127,5,Volusia,FL,529038
12129,4.1,Wakulla,FL,31885
12131,4.1,Walton,FL,65440
12133,5,Washington,FL,24450
13001,6.9,Appling,GA,18485
13003,4.6,Atkinson,GA,8320
13005,5.2,Bacon,GA,11365
13007,8.3,Baker,GA,3208
13009,7.2,Baldwin,GA,45190
13011,4.8,Banks,GA,18309
13013,4.6,Barrow,GA,77091
13015,5,Bartow,GA,103431
13017,8.1,Ben Hill,GA,17190
13019,6.1,Berrien,GA,19014
13021,5.7,Bibb,GA,153205
13023,7.6,Bleckley,GA,12898
13025,6.6,Brantley,GA,18355
13027,4.8,Brooks,GA,15693
13029,4.8,Bryan,GA,35842
13031,5.6,Bulloch,GA,74721
13033,7.5,Burke,GA,22608
13035,5.2,Butts,GA,23710
13037,6,Calhoun,GA,6393
13039,5.7,Camden,GA,52416
13043,4.7,Candler,GA,10915
13045,5.9,Carroll,GA,116291
13047,4.8,Catoosa,GA,66267
13049,5.8,Charlton,GA,12751
13051,5,Chatham,GA,289390
13053,8.6,Chattahoochee,GA,10100
13055,6.1,Chattooga,GA,24833
13057,4.1,Cherokee,GA,241600
13059,5.4,Clarke,GA,125018
13061,9.6,Clay,GA,3006
13063,6.4,Clayton,GA,280006
13065,6,Clinch,GA,6789
13067,4.4,Cobb,GA,750477
13069,5.6,Coffee,GA,43015
13071,5.3,Colquitt,GA,45671
13073,4.8,Columbia,GA,147451
13075,5.2,Cook,GA,17187
13077,4.9,Coweta,GA,140472
13079,5.5,Crawford,GA,12291
13081,5.9,Crisp,GA,22935
13083,5.1,Dade,GA,16242
13085,4.5,Dawson,GA,23613
13087,6.5,Decatur,GA,26715
13089,5.2,DeKalb,GA,746690
13091,7,Dodge,GA,20837
13093,5.5,Dooly,GA,13885
13095,6.8,Dougherty,GA,90395
13097,5.3,Douglas,GA,142021
13099,6.7,Early,GA,10298
13101,4.5,Echols,GA,3981
13103,4.7,Effingham,GA,58553
13105,6.2,Elbert,GA,19143
13107,7.4,Emanuel,GA,22404
13109,4.8,Evans,GA,10668
13111,5,Fannin,GA,24991
13113,4.7,Fayette,GA,111248
13115,5.9,Floyd,GA,96620
13117,4.1,Forsyth,GA,220067
13119,5.5,Franklin,GA,22306
13121,5.2,Fulton,GA,1024248
13123,5.4,Gilmer,GA,30033
13125,6.3,Glascock,GA,2992
13127,5,Glynn,GA,84528
13129,5.3,Gordon,GA,56987
13131,5.4,Grady,GA,24893
13133,5.9,Greene,GA,16939
13135,4.6,Gwinnett,GA,907101
13137,5,Habersham,GA,44177
13139,4.4,Hall,GA,196237
13141,8.9,Hancock,GA,8657
13143,5.6,Haralson,GA,28833
13145,4.7,Harris,GA,33617
13147,5.3,Hart,GA,25548
13149,5.8,Heard,GA,11574
13151,5.4,Henry,GA,221355
13153,5.3,Houston,GA,151862
13155,7.3,Irwin,GA,9359
13157,4.1,Jackson,GA,64978
13159,4.7,Jasper,GA,13821
13161,6.3,Jeff Davis,GA,14970
13163,7,Jefferson,GA,15788
13165,7.1,Jenkins,GA,8770
13167,6,Johnson,GA,9730
13169,4.6,Jones,GA,28553
13171,6.4,Lamar,GA,18470
13173,5.3,Lanier,GA,10454
13175,6.4,Laurens,GA,47192
13177,4.8,Lee,GA,29230
13179,5.7,Liberty,GA,61390
13181,5.7,Lincoln,GA,7864
13183,5.6,Long,GA,18594
13185,5.2,Lowndes,GA,114306
13187,5,Lumpkin,GA,31528
13189,7.2,McDuffie,GA,21456
13191,5.5,McIntosh,GA,14072
13193,7.6,Macon,GA,13520
13195,4.7,Madison,GA,28827
13197,6.9,Marion,GA,8511
13199,6.8,Meriwether,GA,21072
13201,5.5,Miller,GA,5881
13205,6.3,Mitchell,GA,22411
13207,4.9,Monroe,GA,26879
13209,7.1,Montgomery,GA,8983
13211,4.8,Morgan,GA,18121
13213,6.6,Murray,GA,39376
13215,6.6,Muscogee,GA,196307
13217,5.8,Newton,GA,106580
13219,4,Oconee,GA,36866
13221,4.5,Oglethorpe,GA,14710
13223,4.5,Paulding,GA,155374
13225,6.4,Peach,GA,26899
13227,4.8,Pickens,GA,30695
13229,5.3,Pierce,GA,19218
13231,5.1,Pike,GA,17923
13233,5.7,Polk,GA,41730
13235,5.6,Pulaski,GA,11307
13237,6.8,Putnam,GA,21548
13239,7.7,Quitman,GA,2333
13241,5.4,Rabun,GA,16528
13243,8.6,Randolph,GA,7225
13245,6.5,Richmond,GA,202008
13247,5.5,Rockdale,GA,89375
13249,6.4,Schley,GA,5158
13251,6.9,Screven,GA,14032
13253,7.5,Seminole,GA,8445
13255,6.5,Spalding,GA,64553
13257,5.9,Stephens,GA,25724
13259,5.8,Stewart,GA,5875
13261,7.4,Sumter,GA,30355
13263,6.6,Talbot,GA,6353
13265,6.6,Taliaferro,GA,1626
13267,5.4,Tattnall,GA,25281
13269,7,Taylor,GA,8199
13271,7.7,Telfair,GA,16034
13273,6,Terrell,GA,8888
13275,6.3,Thomas,GA,45090
13277,5.6,Tift,GA,40650
13279,7.3,Toombs,GA,27195
13281,6.3,Towns,GA,11349
13283,7.3,Treutlen,GA,6727
13285,5,Troup,GA,69776
13287,6.4,Turner,GA,7972
13289,8.2,Twiggs,GA,8235
13291,4.5,Union,GA,22660
13293,6.2,Upson,GA,26213
13295,5.3,Walker,GA,68326
13297,4.7,Walton,GA,89911
13299,5.4,Ware,GA,35776
13301,7,Warren,GA,5382
13303,6.3,Washington,GA,20343
13305,6.6,Wayne,GA,29985
13307,8.6,Webster,GA,2612
13309,8.5,Wheeler,GA,8017
13311,4.4,White,GA,28825
13313,5.7,Whitfield,GA,104698
13315,6.8,Wilcox,GA,8867
13317,6.7,Wilkes,GA,9822
13319,6,Wilkinson,GA,9048
13321,5.8,Worth,GA,20719
15001,4.1,Hawaii,HI,198681
15003,3,Honolulu,HI,992761
15007,3.4,Kauai,HI,71769
15009,3.4,Maui,HI,165384
16001,3.5,Ada,ID,444269
16003,4.9,Adams,ID,3949
16005,3.6,Bannock,ID,84379
16007,3.4,Bear Lake,ID,5942
16009,4.6,Benewah,ID,9022
16011,3.7,Bingham,ID,45255
16013,2.8,Blaine,ID,21741
16015,4.9,Boise,ID,7088
16017,4.3,Bonner,ID,42343
16019,3.2,Bonneville,ID,112025
16021,4.1,Boundary,ID,11650
16023,3.7,Butte,ID,2573
16025,2.6,Camas,ID,1084
16027,4.4,Canyon,ID,211111
16029,3.2,Caribou,ID,6906
16031,2.9,Cassia,ID,23462
16033,3.3,Clark,ID,854
16035,5.9,Clearwater,ID,8555
16037,4.1,Custer,ID,4109
16039,4.2,Elmore,ID,26090
16041,2.9,Franklin,ID,13347
16043,3.2,Fremont,ID,12888
16045,4.3,Gem,ID,16979
16047,3,Gooding,ID,15094
16049,4.8,Idaho,ID,16228
16051,3.1,Jefferson,ID,27807
16053,2.8,Jerome,ID,23257
16055,4,Kootenai,ID,153144
16057,3.2,Latah,ID,38792
16059,4.8,Lemhi,ID,7732
16061,6.9,Lewis,ID,3843
16063,3.6,Lincoln,ID,5267
16065,2.9,Madison,ID,38781
16067,3.1,Minidoka,ID,20583
16069,3.1,Nez Perce,ID,40096
16071,3.1,Oneida,ID,4321
16073,3.7,Owyhee,ID,11363
16075,4.1,Payette,ID,22920
16077,4.2,Power,ID,7661
16079,5.9,Shoshone,ID,12413
16081,2,Teton,ID,11086
16083,3.4,Twin Falls,ID,83536
16085,4.2,Valley,ID,10417
16087,5.3,Washington,ID,10064
17001,4.7,Adams,IL,66673
17003,9.5,Alexander,IL,6491
17005,4.7,Bond,IL,16841
17007,5.8,Boone,IL,53562
17009,3.2,Brown,IL,6744
17011,5.8,Bureau,IL,33433
17013,5.7,Calhoun,IL,4859
17015,4.8,Carroll,IL,14611
17017,4.8,Cass,IL,12681
17019,5,Champaign,IL,209267
17021,5.8,Christian,IL,33271
17023,5.5,Clark,IL,15848
17025,6.4,Clay,IL,13311
17027,4.1,Clinton,IL,37565
17029,6,Coles,IL,52412
17031,5.7,Cook,IL,5231356
17033,5.6,Crawford,IL,19142
17035,5,Cumberland,IL,10892
17037,5,DeKalb,IL,104447
17039,5.6,De Witt,IL,16159
17041,4.6,Douglas,IL,19769
17043,4.4,DuPage,IL,931153
17045,6.1,Edgar,IL,17472
17047,5.2,Edwards,IL,6545
17049,4.5,Effingham,IL,34182
17051,6,Fayette,IL,21816
17053,5.3,Ford,IL,13342
17055,8,Franklin,IL,39092
17057,6.9,Fulton,IL,35517
17059,7.6,Gallatin,IL,5163
17061,5.3,Greene,IL,13119
17063,5.9,Grundy,IL,50269
17065,6.1,Hamilton,IL,8199
17067,6.9,Hancock,IL,18219
17069,8.1,Hardin,IL,4099
17071,5.8,Henderson,IL,6874
17073,5.4,Henry,IL,49524
17075,4.9,Iroquois,IL,28214
17077,5.5,Jackson,IL,59032
17079,6.2,Jasper,IL,9593
17081,6.5,Jefferson,IL,38308
17083,5.5,Jersey,IL,21945
17085,4.4,Jo Daviess,IL,21861
17087,8.3,Johnson,IL,12961
17089,5.1,Kane,IL,532553
17091,6.1,Kankakee,IL,110053
17093,4.7,Kendall,IL,124573
17095,5.6,Knox,IL,50945
17097,4.8,Lake,IL,704935
17099,6.2,LaSalle,IL,110507
17101,7.6,Lawrence,IL,16343
17103,4.8,Lee,IL,34399
17105,5.2,Livingston,IL,36475
17107,5.1,Logan,IL,29338
17109,6.8,McDonough,IL,31387
17111,4.6,McHenry,IL,307972
17113,5.1,McLean,IL,172688
17115,6.6,Macon,IL,106651
17117,5.5,Macoupin,IL,45653
17119,6,Madison,IL,265598
17121,6.2,Marion,IL,38066
17123,5.9,Marshall,IL,11898
17125,7.1,Mason,IL,13706
17127,7.4,Massac,IL,14469
17129,3.9,Menard,IL,12399
17131,5.3,Mercer,IL,15630
17133,3.9,Monroe,IL,33878
17135,6.3,Montgomery,IL,29079
17137,4.6,Morgan,IL,34194
17139,4.5,Moultrie,IL,14599
17141,5.3,Ogle,IL,51168
17143,6.6,Peoria,IL,185296
17145,6.9,Perry,IL,21382
17147,4.8,Piatt,IL,16526
17149,4.4,Pike,IL,15882
17151,6.8,Pope,IL,4295
17153,8.6,Pulaski,IL,5603
17155,5.2,Putnam,IL,5717
17157,4.8,Randolph,IL,32597
17159,5.8,Richland,IL,15858
17161,6,Rock Island,IL,145472
17163,6.2,St. Clair,IL,263120
17165,8.1,Saline,IL,24253
17167,4.6,Sangamon,IL,197591
17169,4.9,Schuyler,IL,7053
17171,4.3,Scott,IL,5055
17173,5.6,Shelby,IL,21727
17175,6.7,Stark,IL,5506
17177,5.6,Stephenson,IL,45540
17179,6,Tazewell,IL,133967
17181,7.1,Union,IL,17115
17183,7.1,Vermilion,IL,78560
17185,6.5,Wabash,IL,11511
17187,5.2,Warren,IL,17307
17189,3.8,Washington,IL,14210
17191,8.4,Wayne,IL,16573
17193,6.2,White,IL,14088
17195,5.8,Whiteside,IL,56541
17197,5.4,Will,IL,689731
17199,6.2,Williamson,IL,67640
17201,6.4,Winnebago,IL,286088
17203,4.9,Woodford,IL,38933
18001,3.8,Adams,IN,35232
18003,4.3,Allen,IN,369972
18005,3.6,Bartholomew,IN,81873
18007,4.3,Benton,IN,8655
18009,5.7,Blackford,IN,12075
18011,3.6,Boone,IN,64239
18013,3.8,Brown,IN,15008
18015,4.4,Carroll,IN,19967
18017,4.7,Cass,IN,38013
18019,4.4,Clark,IN,115800
18021,5,Clay,IN,26203
18023,4,Clinton,IN,32267
18025,5.6,Crawford,IN,10581
18027,3.6,Daviess,IN,32997
18029,4.7,Dearborn,IN,49471
18031,3.6,Decatur,IN,26641
18033,4.2,DeKalb,IN,42620
18035,5.5,Delaware,IN,115483
18037,3.3,Dubois,IN,42456
18039,4,Elkhart,IN,204146
18041,5.9,Fayette,IN,23257
18043,4.4,Floyd,IN,76723
18045,5.9,Fountain,IN,16477
18047,4.2,Franklin,IN,22725
18049,4.8,Fulton,IN,20137
18051,3.8,Gibson,IN,33579
18053,5.1,Grant,IN,66802
18055,6.6,Greene,IN,32223
18057,3.4,Hamilton,IN,316296
18059,4,Hancock,IN,73781
18061,4.4,Harrison,IN,39679
18063,3.6,Hendricks,IN,160336
18065,4.7,Henry,IN,48364
18067,4.8,Howard,IN,82339
18069,4.2,Huntington,IN,36368
18071,4,Jackson,IN,43933
18073,5.1,Jasper,IN,33389
18075,4.7,Jay,IN,21040
18077,5,Jefferson,IN,32249
18079,4.8,Jennings,IN,27622
18081,3.8,Johnson,IN,151543
18083,4.5,Knox,IN,37542
18085,4,Kosciusko,IN,78927
18087,3.7,LaGrange,IN,39133
18089,6.6,Lake,IN,486592
18091,6,LaPorte,IN,110208
18093,5.6,Lawrence,IN,45575
18095,4.9,Madison,IN,129325
18097,4.7,Marion,IN,944034
18099,3.9,Marshall,IN,46652
18101,4.1,Martin,IN,10202
18103,4.8,Miami,IN,36067
18105,5.1,Monroe,IN,145692
18107,4.1,Montgomery,IN,38323
18109,4.2,Morgan,IN,69557
18111,5.3,Newton,IN,14049
18113,4.2,Noble,IN,47442
18115,4.9,Ohio,IN,5888
18117,5.2,Orange,IN,19481
18119,5.4,Owen,IN,20922
18121,5.1,Parke,IN,16957
18123,4.9,Perry,IN,19010
18125,4.6,Pike,IN,12428
18127,5.3,Porter,IN,167438
18129,4.3,Posey,IN,25632
18131,4.6,Pulaski,IN,12611
18133,4.5,Putnam,IN,37265
18135,4.5,Randolph,IN,25059
18137,4.5,Ripley,IN,28408
18139,4,Rush,IN,16633
18141,5,St. Joseph,IN,269613
18143,4.9,Scott,IN,23707
18145,4,Shelby,IN,44228
18147,4.2,Spencer,IN,20493
18149,5.2,Starke,IN,22992
18151,3.8,Steuben,IN,34388
18153,6.1,Sullivan,IN,20737
18155,5.3,Switzerland,IN,10647
18157,4.3,Tippecanoe,IN,188674
18159,3.8,Tipton,IN,15154
18161,4.2,Union,IN,7168
18163,4.4,Vanderburgh,IN,181775
18165,6.5,Vermillion,IN,15611
18167,5.7,Vigo,IN,107669
18169,4.5,Wabash,IN,31551
18171,5,Warren,IN,8174
18173,4.4,Warrick,IN,62049
18175,4.6,Washington,IN,27748
18177,4.9,Wayne,IN,66591
18179,3.6,Wells,IN,27840
18181,3.9,White,IN,24101
18183,4,Whitley,IN,33484
19001,3.4,Adair,IA,7010
19003,2.9,Adams,IA,3716
19005,4.9,Allamakee,IA,13869
19007,5.7,Appanoose,IA,12497
19009,3.7,Audubon,IA,5635
19011,4,Benton,IA,25641
19013,5.8,Black Hawk,IA,132813
19015,3.4,Boone,IA,26419
19017,4.2,Bremer,IA,24784
19019,4.6,Buchanan,IA,21034
19021,4.4,Buena Vista,IA,20268
19023,4.5,Butler,IA,14687
19025,4.7,Calhoun,IA,9799
19027,3.1,Carroll,IA,20366
19029,3,Cass,IA,13180
19031,3.8,Cedar,IA,18407
19033,4.4,Cerro Gordo,IA,43064
19035,4.1,Cherokee,IA,11404
19037,4.6,Chickasaw,IA,12063
19039,3.4,Clarke,IA,9286
19041,4.1,Clay,IA,16325
19043,4.2,Clayton,IA,17647
19045,6.1,Clinton,IA,47236
19047,5.2,Crawford,IA,17036
19049,3.2,Dallas,IA,84185
19051,5.3,Davis,IA,8901
19053,3.5,Decatur,IA,8045
19055,3.7,Delaware,IA,17269
19057,5.9,Des Moines,IA,39625
19059,3.5,Dickinson,IA,17104
19061,4,Dubuque,IA,96704
19063,4.2,Emmet,IA,9558
19065,5,Fayette,IA,19986
19067,3.9,Floyd,IA,15835
19069,3.8,Franklin,IA,10200
19071,4.1,Fremont,IA,6960
19073,4.3,Greene,IA,9009
19075,3.7,Grundy,IA,12297
19077,3.6,Guthrie,IA,10650
19079,4,Hamilton,IA,15100
19081,3,Hancock,IA,10893
19083,4.2,Hardin,IA,17193
19085,3.7,Harrison,IA,14072
19087,4.4,Henry,IA,19801
19089,3.6,Howard,IA,9272
19091,3.2,Humboldt,IA,9531
19093,2.8,Ida,IA,6957
19095,3.2,Iowa,IA,16184
19097,4.5,Jackson,IA,19390
19099,4,Jasper,IA,36661
19101,4.6,Jefferson,IA,18172
19103,3.2,Johnson,IA,146633
19105,4.4,Jones,IA,20384
19107,5.1,Keokuk,IA,10177
19109,3,Kossuth,IA,15133
19111,8.1,Lee,IA,34456
19113,4.3,Linn,IA,221900
19115,4.5,Louisa,IA,11188
19117,3.8,Lucas,IA,8556
19119,2.3,Lyon,IA,11788
19121,3.7,Madison,IA,15794
19123,4.3,Mahaska,IA,22206
19125,3.4,Marion,IA,33149
19127,4.9,Marshall,IA,40160
19129,4,Mills,IA,15044
19131,3,Mitchell,IA,10657
19133,4.6,Monona,IA,8799
19135,5.4,Monroe,IA,7853
19137,4.2,Montgomery,IA,10134
19139,4.4,Muscatine,IA,42904
19141,3,O'Brien,IA,13921
19143,3.1,Osceola,IA,6084
19145,6.4,Page,IA,15335
19147,3.9,Palo Alto,IA,9042
19149,2.9,Plymouth,IA,25205
19151,3.4,Pocahontas,IA,6848
19153,4.1,Polk,IA,474768
19155,3.8,Pottawattamie,IA,93508
19157,4,Poweshiek,IA,18292
19159,3.7,Ringgold,IA,4989
19161,3,Sac,IA,9818
19163,5.4,Scott,IA,172045
19165,3.2,Shelby,IA,11672
19167,2.4,Sioux,IA,34891
19169,2.9,Story,IA,96816
19171,4.2,Tama,IA,17179
19173,3.9,Taylor,IA,6237
19175,4.4,Union,IA,12390
19177,4.9,Van Buren,IA,7255
19179,7.4,Wapello,IA,35270
19181,3.8,Warren,IA,49343
19183,3.5,Washington,IA,22109
19185,4.6,Wayne,IA,6437
19187,4.7,Webster,IA,36752
19189,4.1,Winnebago,IA,10601
19191,3.6,Winneshiek,IA,20409
19193,4.2,Woodbury,IA,102707
19195,3.5,Worth,IA,7475
19197,4.5,Wright,IA,12816
20001,6.9,Allen,KS,12647
20003,4.6,Anderson,KS,7814
20005,7.4,Atchison,KS,16373
20007,4.4,Barber,KS,4682
20009,5,Barton,KS,26911
20011,5.7,Bourbon,KS,14672
20013,4.2,Brown,KS,9642
20015,4.6,Butler,KS,66648
20017,4.6,Chase,KS,2644
20019,5.9,Chautauqua,KS,3385
20021,5.2,Cherokee,KS,20220
20023,3.3,Cheyenne,KS,2671
20025,3,Clark,KS,2065
20027,4.8,Clay,KS,8079
20029,5.1,Cloud,KS,9100
20031,8.2,Coffey,KS,8348
20033,3.2,Comanche,KS,1851
20035,5.1,Cowley,KS,35621
20037,5.4,Crawford,KS,38992
20039,4.7,Decatur,KS,2837
20041,4.7,Dickinson,KS,18981
20043,4.7,Doniphan,KS,7729
20045,4.1,Douglas,KS,119492
20047,3.3,Edwards,KS,2900
20049,6.8,Elk,KS,2511
20051,3.4,Ellis,KS,28823
20053,4.3,Ellsworth,KS,6311
20055,3.5,Finney,KS,36998
20057,3.6,Ford,KS,34501
20059,4.8,Franklin,KS,25547
20061,6.4,Geary,KS,35208
20063,3,Gove,KS,2630
20065,5,Graham,KS,2568
20067,3.9,Grant,KS,7685
20069,2.6,Gray,KS,5980
20071,2.7,Greeley,KS,1280
20073,5.7,Greenwood,KS,6132
20075,3.2,Hamilton,KS,2629
20077,4,Harper,KS,5680
20079,6.3,Harvey,KS,34774
20081,2.8,Haskell,KS,4038
20083,2.7,Hodgeman,KS,1833
20085,4,Jackson,KS,13259
20087,4.1,Jefferson,KS,18856
20089,4.5,Jewell,KS,2888
20091,3.7,Johnson,KS,584716
20093,3.7,Kearny,KS,3900
20095,4.8,Kingman,KS,7414
20097,3.5,Kiowa,KS,2504
20099,6.2,Labette,KS,20330
20101,3.9,Lane,KS,1600
20103,4.5,Leavenworth,KS,80115
20105,4,Lincoln,KS,3077
20107,7,Linn,KS,9626
20109,3.2,Logan,KS,2812
20111,4.3,Lyon,KS,33400
20113,3.9,McPherson,KS,28402
20115,5.9,Marion,KS,12022
20117,3.6,Marshall,KS,9801
20119,2.9,Meade,KS,4251
20121,4.3,Miami,KS,32963
20123,3.1,Mitchell,KS,6186
20125,6.9,Montgomery,KS,32867
20127,4.3,Morris,KS,5556
20129,4.6,Morton,KS,2800
20131,3,Nemaha,KS,10100
20133,8.1,Neosho,KS,16058
20135,4.1,Ness,KS,2956
20137,2.9,Norton,KS,5506
20139,4.6,Osage,KS,15789
20141,4.1,Osborne,KS,3624
20143,4.5,Ottawa,KS,5919
20145,3.6,Pawnee,KS,6742
20147,3.6,Phillips,KS,5393
20149,4.1,Pottawatomie,KS,23593
20151,5,Pratt,KS,9572
20153,2.6,Rawlins,KS,2501
20155,5.2,Reno,KS,63040
20157,3.2,Republic,KS,4651
20159,4.8,Rice,KS,9809
20161,3.7,Riley,KS,74548
20163,5.5,Rooks,KS,5120
20165,4.7,Rush,KS,3074
20167,4.6,Russell,KS,6990
20169,4,Saline,KS,55070
20171,2.7,Scott,KS,5011
20173,5.2,Sedgwick,KS,512641
20175,4.9,Seward,KS,22756
20177,4.5,Shawnee,KS,178154
20179,2.9,Sheridan,KS,2482
20181,3.8,Sherman,KS,5945
20183,3.7,Smith,KS,3678
20185,5,Stafford,KS,4200
20187,3.3,Stanton,KS,2100
20189,4.7,Stevens,KS,5655
20191,4.9,Sumner,KS,23203
20193,3.2,Thomas,KS,7811
20195,4.2,Trego,KS,2863
20197,3.8,Wabaunsee,KS,6890
20199,3.3,Wallace,KS,1505
20201,3.9,Washington,KS,5568
20203,2.6,Wichita,KS,2131
20205,6.9,Wilson,KS,8693
20207,6.9,Woodson,KS,3195
20209,6.1,Wyandotte,KS,164418
21001,6.1,Adair,KY,19379
21003,3.9,Allen,KY,20729
21005,3.6,Anderson,KY,22144
21007,9,Ballard,KY,8057
21009,4.3,Barren,KY,43789
21011,6.5,Bath,KY,12271
21013,8.3,Bell,KY,27192
21015,3.5,Boone,KY,129154
21017,4.6,Bourbon,KY,20057
21019,8.3,Boyd,KY,48196
21021,4.5,Boyle,KY,29888
21023,5.4,Bracken,KY,8350
21025,8.3,Breathitt,KY,13189
21027,5.7,Breckinridge,KY,19954
21029,3.8,Bullitt,KY,79209
21031,4.8,Butler,KY,12701
21033,5,Caldwell,KY,12619
21035,4.1,Calloway,KY,38772
21037,3.5,Campbell,KY,92034
21039,6.8,Carlisle,KY,4816
21041,5,Carroll,KY,10599
21043,10.6,Carter,KY,27246
21045,4.4,Casey,KY,15761
21047,6,Christian,KY,71735
21049,4.5,Clark,KY,35889
21051,9.7,Clay,KY,20683
21053,6.4,Clinton,KY,10220
21055,5.2,Crittenden,KY,9163
21057,4.6,Cumberland,KY,6736
21059,4,Daviess,KY,99844
21061,5.4,Edmonson,KY,12068
21063,11.7,Elliott,KY,7507
21065,5.2,Estill,KY,14345
21067,3.3,Fayette,KY,319052
21069,5.5,Fleming,KY,14506
21071,10.4,Floyd,KY,36969
21073,3.6,Franklin,KY,50241
21075,6.6,Fulton,KY,6180
21077,4.4,Gallatin,KY,8728
21079,4.3,Garrard,KY,17398
21081,4.2,Grant,KY,24908
21083,6.4,Graves,KY,37148
21085,6.2,Grayson,KY,26140
21087,4,Green,KY,11001
21089,8.8,Greenup,KY,35795
21091,4.7,Hancock,KY,8737
21093,4.1,Hardin,KY,106893
21095,11.6,Harlan,KY,27016
21097,4.4,Harrison,KY,18588
21099,4.4,Hart,KY,18527
21101,4.5,Henderson,KY,46244
21103,3.9,Henry,KY,15853
21105,5.1,Hickman,KY,4612
21107,5.5,Hopkins,KY,45708
21109,6.9,Jackson,KY,13373
21111,4.2,Jefferson,KY,767335
21113,3.6,Jessamine,KY,52255
21115,9.2,Johnson,KY,22870
21117,3.8,Kenton,KY,164596
21119,10.5,Knott,KY,15510
21121,7.5,Knox,KY,31324
21123,3.9,Larue,KY,14033
21125,5.8,Laurel,KY,59990
21127,10.6,Lawrence,KY,15846
21129,8.3,Lee,KY,6598
21131,13.2,Leslie,KY,10439
21133,11.8,Letcher,KY,22749
21135,8.4,Lewis,KY,13475
21137,5.6,Lincoln,KY,24346
21139,6.7,Livingston,KY,9215
21141,4.2,Logan,KY,26657
21143,5.6,Lyon,KY,8083
21145,5.7,McCracken,KY,65342
21147,7.3,McCreary,KY,17555
21149,4.5,McLean,KY,9342
21151,3.8,Madison,KY,89537
21153,16.3,Magoffin,KY,12674
21155,4.3,Marion,KY,19143
21157,5.5,Marshall,KY,31273
21159,9,Martin,KY,11947
21161,6,Mason,KY,17158
21163,4.7,Meade,KY,28014
21165,7.1,Menifee,KY,6446
21167,4.4,Mercer,KY,21393
21169,3.8,Metcalfe,KY,10010
21171,3.6,Monroe,KY,10579
21173,6,Montgomery,KY,27661
21175,6.8,Morgan,KY,13235
21177,6.7,Muhlenberg,KY,31064
21179,4.3,Nelson,KY,45512
21181,4.9,Nicholas,KY,7063
21183,6.3,Ohio,KY,24196
21185,3.1,Oldham,KY,65336
21187,3.8,Owen,KY,10663
21189,8.7,Owsley,KY,4495
21191,4.3,Pendleton,KY,14576
21193,10.4,Perry,KY,27165
21195,10.3,Pike,KY,60443
21197,6.9,Powell,KY,12295
21199,5,Pulaski,KY,64014
21201,6.1,Robertson,KY,2135
21203,5.3,Rockcastle,KY,16871
21205,5.3,Rowan,KY,24402
21207,7.6,Russell,KY,17770
21209,3.6,Scott,KY,53416
21211,3.3,Shelby,KY,46592
21213,4.2,Simpson,KY,17985
21215,3.5,Spencer,KY,18239
21217,4.8,Taylor,KY,25437
21219,3.9,Todd,KY,12362
21221,5,Trigg,KY,14313
21223,5.4,Trimble,KY,8627
21225,6.4,Union,KY,14792
21227,3.5,Warren,KY,126341
21229,4,Washington,KY,12130
21231,6.8,Wayne,KY,20753
21233,5.5,Webster,KY,13174
21235,6.4,Whitley,KY,36103
21237,9.5,Wolfe,KY,7215
21239,3,Woodford,KY,26091
22001,7.9,Acadia,LA,62800
22003,7.5,Allen,LA,25686
22005,5.3,Ascension,LA,121488
22007,9,Assumption,LA,22755
22009,7.8,Avoyelles,LA,41040
22011,6.7,Beauregard,LA,36998
22013,8,Bienville,LA,13806
22015,5.9,Bossier,LA,126252
22017,7.4,Caddo,LA,249145
22019,5.5,Calcasieu,LA,200632
22021,8.4,Caldwell,LA,10071
22023,4.8,Cameron,LA,6886
22025,9.6,Catahoula,LA,9910
22027,7.5,Claiborne,LA,16164
22029,9.2,Concordia,LA,19994
22031,8,De Soto,LA,27211
22033,5.7,East Baton Rouge,LA,447731
22035,11.8,East Carroll,LA,7249
22037,6.2,East Feliciana,LA,19523
22039,8.5,Evangeline,LA,33710
22041,9.6,Franklin,LA,20364
22043,7.8,Grant,LA,22297
22045,9.7,Iberia,LA,73077
22047,7.4,Iberville,LA,32917
22049,6.3,Jackson,LA,15847
22051,5.9,Jefferson,LA,438485
22053,6.7,Jefferson Davis,LA,31370
22055,6.7,Lafayette,LA,241746
22057,6.7,Lafourche,LA,98617
22059,6.7,La Salle,LA,15052
22061,7.5,Lincoln,LA,47647
22063,5.3,Livingston,LA,140080
22065,9.4,Madison,LA,11485
22067,10.4,Morehouse,LA,25914
22069,8.1,Natchitoches,LA,38995
22071,6.7,Orleans Parish,LA,393021
22073,6.7,Ouachita,LA,156937
22075,5.9,Plaquemines,LA,23327
22077,7.2,Pointe Coupee,LA,22156
22079,6.9,Rapides,LA,132097
22081,6.8,Red River,LA,8634
22083,7.7,Richland,LA,20452
22085,7.3,Sabine,LA,24093
22087,6.9,St. Bernard,LA,45814
22089,6,St. Charles,LA,52864
22091,8.5,St. Helena,LA,10439
22093,8.1,St. James,LA,21432
22095,7.5,St. John the Baptist,LA,43480
22097,8.9,St. Landry,LA,83703
22099,8.3,St. Martin,LA,53809
22101,10.1,St. Mary,LA,52174
22103,5.7,St. Tammany,LA,252772
22105,7.5,Tangipahoa,LA,130623
22107,10.5,Tensas,LA,4677
22109,7.3,Terrebonne,LA,113123
22111,6.9,Union,LA,22609
22113,7.9,Vermilion,LA,60214
22115,8.1,Vernon,LA,51621
22117,7.9,Washington,LA,46424
22119,9.4,Webster,LA,39795
22121,6.1,West Baton Rouge,LA,25937
22123,12,West Carroll,LA,11128
22125,5.5,West Feliciana,LA,15325
22127,8.5,Winn,LA,14533
23001,3.2,Androscoggin,ME,107269
23003,4.8,Aroostook,ME,68116
23005,2.6,Cumberland,ME,290905
23007,4,Franklin,ME,30071
23009,3.2,Hancock,ME,54398
23011,3.2,Kennebec,ME,121328
23013,2.7,Knox,ME,39655
23015,2.9,Lincoln,ME,33993
23017,4.2,Oxford,ME,57096
23019,4,Penobscot,ME,151515
23021,4.8,Piscataquis,ME,16876
23023,2.6,Sagadahoc,ME,35133
23025,4.9,Somerset,ME,50663
23027,3.6,Waldo,ME,39425
23029,4.6,Washington,ME,31566
23031,2.9,York,ME,202223
24001,6.4,Allegany,MD,72194
24003,4,Anne Arundel,MD,568916
24005,4.7,Baltimore,MD,831431
24009,4.1,Calvert,MD,91099
24011,4.8,Caroline,MD,32887
24013,3.8,Carroll,MD,167140
24015,5.3,Cecil,MD,102701
24017,4.7,Charles,MD,157430
24019,6.2,Dorchester,MD,32267
24021,3.9,Frederick,MD,247881
24023,5.2,Garrett,MD,29344
24025,4.3,Harford,MD,250439
24027,3.4,Howard,MD,316966
24029,4.7,Kent,MD,19654
24031,3.4,Montgomery,MD,1048332
24033,4.6,Prince George's,MD,911154
24035,3.8,Queen Anne's,MD,49178
24037,4.5,St. Mary's,MD,111835
24039,6.5,Somerset,MD,25833
24041,4,Talbot,MD,37204
24043,5.2,Washington,MD,149810
24045,5.5,Wicomico,MD,102585
24047,5.8,Worcester,MD,51514
24510,6.9,Baltimore City,MD,616958
25001,3.4,Barnstable,MA,213440
25003,3.9,Berkshire,MA,126858
25005,4.7,Bristol,MA,558312
25007,2.7,Dukes,MA,17312
25009,3.9,Essex,MA,780633
25011,3.3,Franklin,MA,70618
25013,5.3,Hampden,MA,469003
25015,3.6,Hampshire,MA,161658
25017,3.2,Middlesex,MA,1594314
25019,1.8,Nantucket,MA,11089
25021,3.4,Norfolk,MA,696818
25023,4,Plymouth,MA,511820
25025,3.7,Suffolk,MA,791165
25027,4.1,Worcester,MA,820681
26001,5.8,Alcona,MI,10383
26003,6.1,Alger,MI,9115
26005,3.3,Allegan,MI,114955
26007,5,Alpena,MI,28657
26009,5,Antrim,MI,23066
26011,6.3,Arenac,MI,15127
26013,6.8,Baraga,MI,8536
26015,3.5,Barry,MI,59712
26017,4.7,Bay,MI,104481
26019,4.6,Benzie,MI,17524
26021,4.4,Berrien,MI,154157
26023,4.4,Branch,MI,43457
26025,4.4,Calhoun,MI,134178
26027,4.2,Cass,MI,51209
26029,3.7,Charlevoix,MI,26122
26031,4,Cheboygan,MI,25404
26033,6,Chippewa,MI,37696
26035,6,Clare,MI,30406
26037,3.4,Clinton,MI,77530
26039,6.2,Crawford,MI,13739
26041,5.5,Delta,MI,36225
26043,4.5,Dickinson,MI,25515
26045,3.6,Eaton,MI,108847
26047,4.1,Emmet,MI,32916
26049,5,Genesee,MI,408607
26051,5.8,Gladwin,MI,25144
26053,5.5,Gogebic,MI,15349
26055,3.4,Grand Traverse,MI,91914
26057,4.5,Gratiot,MI,40932
26059,4.9,Hillsdale,MI,45767
26061,5.2,Houghton,MI,36287
26063,4.3,Huron,MI,31451
26065,4,Ingham,MI,287933
26067,3.6,Ionia,MI,64182
26069,5.8,Iosco,MI,25271
26071,4.7,Iron,MI,11182
26073,4.2,Isabella,MI,71133
26075,4.6,Jackson,MI,158215
26077,3.7,Kalamazoo,MI,261056
26079,5.4,Kalkaska,MI,17300
26081,3.2,Kent,MI,642909
26083,6.4,Keweenaw,MI,2139
26085,6,Lake,MI,11861
26087,6.4,Lapeer,MI,88141
26089,3.5,Leelanau,MI,21493
26091,4.4,Lenawee,MI,98510
26093,4.6,Livingston,MI,188358
26095,4.4,Luce,MI,6341
26097,3.1,Mackinac,MI,10694
26099,5.9,Macomb,MI,867503
26101,4.9,Manistee,MI,24438
26103,4.9,Marquette,MI,66461
26105,4.2,Mason,MI,28846
26107,4.9,Mecosta,MI,43172
26109,5.1,Menominee,MI,23221
26111,4.1,Midland,MI,83433
26113,4.8,Missaukee,MI,15032
26115,4.3,Monroe,MI,149223
26117,4.5,Montcalm,MI,62963
26119,7.6,Montmorency,MI,9206
26121,4.8,Muskegon,MI,173102
26123,4.2,Newaygo,MI,47788
26125,4.7,Oakland,MI,1245762
26127,5,Oceana,MI,26281
26129,6.3,Ogemaw,MI,20902
26131,6.6,Ontonagon,MI,5931
26133,4.9,Osceola,MI,23171
26135,5.6,Oscoda,MI,8262
26137,4.9,Otsego,MI,24385
26139,3,Ottawa,MI,283242
26141,6.6,Presque Isle,MI,12725
26143,6.8,Roscommon,MI,23847
26145,4.6,Saginaw,MI,192285
26147,6.5,St. Clair,MI,159507
26149,3.7,St. Joseph,MI,60832
26151,5.2,Sanilac,MI,41392
26153,7,Schoolcraft,MI,7990
26155,4.6,Shiawassee,MI,68541
26157,5.3,Tuscola,MI,53235
26159,4.6,Van Buren,MI,75201
26161,3.5,Washtenaw,MI,364752
26163,7.3,Wayne,MI,1756598
26165,5.1,Wexford,MI,33090
27001,5.1,Aitkin,MN,15776
27003,3.8,Anoka,MN,347095
27005,3.8,Becker,MN,33752
27007,4.8,Beltrami,MN,46011
27009,3.7,Benton,MN,39468
27011,4,Big Stone,MN,5012
27013,3.3,Blue Earth,MN,66244
27015,3.9,Brown,MN,25262
27017,4.9,Carlton,MN,35544
27019,3.4,Carver,MN,100327
27021,5.6,Cass,MN,29000
27023,4,Chippewa,MN,12036
27025,3.9,Chisago,MN,54600
27027,3.2,Clay,MN,62858
27029,7.6,Clearwater,MN,8861
27031,3.1,Cook,MN,5311
27033,7.9,Cottonwood,MN,11396
27035,4.3,Crow Wing,MN,63771
27037,3.5,Dakota,MN,417421
27039,3.6,Dodge,MN,20547
27041,3,Douglas,MN,37173
27043,3.9,Faribault,MN,13855
27045,3.7,Fillmore,MN,20919
27047,3.7,Freeborn,MN,30403
27049,3.7,Goodhue,MN,46240
27051,4.1,Grant,MN,5931
27053,3.5,Hennepin,MN,1237027
27055,3.4,Houston,MN,18719
27057,5.5,Hubbard,MN,20719
27059,4.2,Isanti,MN,38764
27061,7.7,Itasca,MN,45149
27063,4,Jackson,MN,9942
27065,5.1,Kanabec,MN,15882
27067,3.5,Kandiyohi,MN,42622
27069,4.2,Kittson,MN,4318
27071,7.7,Koochiching,MN,12618
27073,3.9,Lac qui Parle,MN,6743
27075,4.3,Lake,MN,10516
27077,4.5,Lake of the Woods,MN,3796
27079,3.7,Le Sueur,MN,27714
27081,3.2,Lincoln,MN,5708
27083,3.4,Lyon,MN,25861
27085,4.1,McLeod,MN,35748
27087,5.2,Mahnomen,MN,5494
27089,5.6,Marshall,MN,9371
27091,3.9,Martin,MN,19890
27093,4,Meeker,MN,23099
27095,4.8,Mille Lacs,MN,25614
27097,4.5,Morrison,MN,32920
27099,3,Mower,MN,39329
27101,3.3,Murray,MN,8300
27103,2.9,Nicollet,MN,33656
27105,3.6,Nobles,MN,22016
27107,4.6,Norman,MN,6538
27109,3,Olmsted,MN,153183
27111,3.6,Otter Tail,MN,57981
27113,4.3,Pennington,MN,14251
27115,4.8,Pine,MN,28877
27117,3,Pipestone,MN,9193
27119,4.4,Polk,MN,31635
27121,2.8,Pope,MN,10961
27123,3.8,Ramsey,MN,542812
27125,6.3,Red Lake,MN,3996
27127,4,Redwood,MN,15236
27129,5.2,Renville,MN,14580
27131,3.6,Rice,MN,65588
27133,2.2,Rock,MN,9413
27135,4.3,Roseau,MN,15559
27137,5.7,St. Louis,MN,200018
27139,3.2,Scott,MN,143438
27141,3.6,Sherburne,MN,93236
27143,3.7,Sibley,MN,14792
27145,3.5,Stearns,MN,156571
27147,3.8,Steele,MN,36703
27149,2.7,Stevens,MN,9747
27151,4.8,Swift,MN,9444
27153,3.9,Todd,MN,24404
27155,3,Traverse,MN,3322
27157,3.2,Wabasha,MN,21447
27159,5.1,Wadena,MN,13566
27161,4,Waseca,MN,18828
27163,3.4,Washington,MN,252976
27165,5.1,Watonwan,MN,10911
27167,3.4,Wilkin,MN,6345
27169,3.7,Winona,MN,50872
27171,3.5,Wright,MN,132387
27173,3.7,Yellow Medicine,MN,9892
28001,8.2,Adams,MS,31440
28003,5,Alcorn,MS,37240
28005,7.1,Amite,MS,12430
28007,6.5,Attala,MS,18566
28009,6.5,Benton,MS,8265
28011,7.4,Bolivar,MS,32634
28013,5.2,Calhoun,MS,14563
28015,7.3,Carroll,MS,10211
28017,6.3,Chickasaw,MS,17234
28019,5.3,Choctaw,MS,8316
28021,12.3,Claiborne,MS,9129
28023,6.4,Clarke,MS,15896
28025,7.8,Clay,MS,19840
28027,8.1,Coahoma,MS,23820
28029,6.4,Copiah,MS,28605
28031,5.6,Covington,MS,19188
28033,4.1,DeSoto,MS,175545
28035,5.8,Forrest,MS,75637
28037,6.8,Franklin,MS,7724
28039,7.7,George,MS,23715
28041,8,Greene,MS,13482
28043,4.9,Grenada,MS,21219
28045,5.9,Hancock,MS,46647
28047,5.3,Harrison,MS,202639
28049,5.2,Hinds,MS,241818
28051,10.9,Holmes,MS,17960
28053,11.2,Humphreys,MS,8594
28055,9.9,Issaquena,MS,1322
28057,4.8,Itawamba,MS,23403
28059,6.4,Jackson,MS,141550
28061,7.8,Jasper,MS,16591
28063,15.4,Jefferson,MS,7322
28065,9.3,Jefferson Davis,MS,11464
28067,5.9,Jones,MS,68181
28069,8.2,Kemper,MS,9954
28071,4.9,Lafayette,MS,53479
28073,4.5,Lamar,MS,61230
28075,5.8,Lauderdale,MS,77228
28077,7.4,Lawrence,MS,12803
28079,5.6,Leake,MS,22737
28081,4.8,Lee,MS,84816
28083,9,Leflore,MS,29727
28085,5.8,Lincoln,MS,34404
28087,5.9,Lowndes,MS,59460
28089,4.2,Madison,MS,103875
28091,6.8,Marion,MS,25113
28093,5.7,Marshall,MS,35780
28095,6.3,Monroe,MS,35908
28097,6.3,Montgomery,MS,10259
28099,5.4,Neshoba,MS,29439
28101,5.9,Newton,MS,21385
28103,8,Noxubee,MS,10914
28105,5.6,Oktibbeha,MS,49579
28107,6.7,Panola,MS,34160
28109,5.9,Pearl River,MS,55072
28111,7,Perry,MS,12076
28113,6.7,Pike,MS,39608
28115,4.5,Pontotoc,MS,31437
28117,5.3,Prentiss,MS,25394
28119,8.3,Quitman,MS,7404
28121,3.8,Rankin,MS,151074
28123,4.5,Scott,MS,28378
28125,8,Sharkey,MS,4534
28127,5.5,Simpson,MS,26980
28129,5.1,Smith,MS,15971
28131,6.8,Stone,MS,17951
28133,8.4,Sunflower,MS,26389
28135,5.7,Tallahatchie,MS,14383
28137,5.4,Tate,MS,28246
28139,5.2,Tippah,MS,22045
28141,5.1,Tishomingo,MS,19460
28143,6.1,Tunica,MS,10156
28145,4.2,Union,MS,28325
28147,7.9,Walthall,MS,14570
28149,6.4,Warren,MS,47041
28151,9.2,Washington,MS,47191
28153,7.6,Wayne,MS,20450
28155,6.1,Webster,MS,9777
28157,10.1,Wilkinson,MS,9008
28159,7.4,Winston,MS,18360
28161,6,Yalobusha,MS,12489
28163,7,Yazoo,MS,27206
29001,6.7,Adair,MO,25223
29003,4.5,Andrew,MO,17339
29005,5.9,Atchison,MO,5310
29007,5.1,Audrain,MO,25875
29009,5.3,Barry,MO,35339
29011,6,Barton,MO,11859
29013,6,Bates,MO,16371
29015,7.3,Benton,MO,18921
29017,6.2,Bollinger,MO,12204
29019,4.1,Boone,MO,176555
29021,4.9,Buchanan,MO,89354
29023,6.9,Butler,MO,42789
29025,5.6,Caldwell,MO,9070
29027,5.2,Callaway,MO,45077
29029,5.5,Camden,MO,45009
29031,5.3,Cape Girardeau,MO,78390
29033,5.9,Carroll,MO,8854
29035,7.8,Carter,MO,6207
29037,5,Cass,MO,102780
29039,6.4,Cedar,MO,13886
29041,5.1,Chariton,MO,7529
29043,4.5,Christian,MO,84159
29045,8.7,Clark,MO,6731
29047,4.5,Clay,MO,238762
29049,5,Clinton,MO,20530
29051,4.6,Cole,MO,76775
29053,5.7,Cooper,MO,17683
29055,5.9,Crawford,MO,24232
29057,5.6,Dade,MO,7606
29059,6.5,Dallas,MO,16380
29061,4.6,Daviess,MO,8233
29063,5.1,DeKalb,MO,12505
29065,6.6,Dent,MO,15425
29067,7.3,Douglas,MO,13352
29069,9.1,Dunklin,MO,30556
29071,4.9,Franklin,MO,102754
29073,5,Gasconade,MO,14750
29075,4.7,Gentry,MO,6637
29077,4.6,Greene,MO,287881
29079,5.6,Grundy,MO,10080
29081,4.7,Harrison,MO,8590
29083,5.9,Henry,MO,21617
29085,6.6,Hickory,MO,9374
29087,4,Holt,MO,4479
29089,5.4,Howard,MO,10062
29091,7.2,Howell,MO,40140
29093,8.4,Iron,MO,10147
29095,6,Jackson,MO,693115
29097,5.2,Jasper,MO,119298
29099,4.9,Jefferson,MO,223413
29101,6.1,Johnson,MO,53651
29103,4.1,Knox,MO,3945
29105,6.2,Laclede,MO,35427
29107,4.9,Lafayette,MO,32542
29109,5.4,Lawrence,MO,38224
29111,4.9,Lewis,MO,10083
29113,4.8,Lincoln,MO,55186
29115,9,Linn,MO,12140
29117,4.5,Livingston,MO,15138
29119,4.9,McDonald,MO,22767
29121,6,Macon,MO,15143
29123,6.9,Madison,MO,12231
29125,6.8,Maries,MO,8874
29127,5,Marion,MO,28667
29129,5,Mercer,MO,3658
29131,5.4,Miller,MO,24994
29133,7.7,Mississippi,MO,13737
29135,4.9,Moniteau,MO,16007
29137,5.5,Monroe,MO,8637
29139,5.1,Montgomery,MO,11477
29141,6.4,Morgan,MO,20099
29143,9.9,New Madrid,MO,17890
29145,5.5,Newton,MO,58219
29147,6,Nodaway,MO,22492
29149,7,Oregon,MO,10739
29151,4.2,Osage,MO,13596
29153,8.8,Ozark,MO,9187
29155,9.9,Pemiscot,MO,17102
29157,4.3,Perry,MO,19201
29159,6.1,Pettis,MO,42280
29161,5.6,Phelps,MO,44828
29163,5.4,Pike,MO,18504
29165,4.4,Platte,MO,98653
29167,6.4,Polk,MO,31412
29169,6.8,Pulaski,MO,52611
29171,5.1,Putnam,MO,4831
29173,4.4,Ralls,MO,10228
29175,6.6,Randolph,MO,24970
29177,5.5,Ray,MO,22721
29179,8.1,Reynolds,MO,6370
29181,8.4,Ripley,MO,13781
29183,4.1,St. Charles,MO,390795
29185,7.3,St. Clair,MO,9293
29186,5.8,Ste. Genevieve,MO,17880
29187,6.7,St. Francois,MO,66393
29189,5.1,St. Louis,MO,998216
29195,5.8,Saline,MO,22852
29197,7.6,Schuyler,MO,4491
29199,4.6,Scotland,MO,4908
29201,6.9,Scott,MO,38723
29203,8,Shannon,MO,8244
29205,4.8,Shelby,MO,6051
29207,7.1,Stoddard,MO,29483
29209,6,Stone,MO,31534
29211,7.4,Sullivan,MO,6343
29213,6.1,Taney,MO,54749
29215,7.6,Texas,MO,25852
29217,5.8,Vernon,MO,20554
29219,4.6,Warren,MO,33815
29221,7.2,Washington,MO,24832
29223,6.1,Wayne,MO,13207
29225,5.9,Webster,MO,38065
29227,3.6,Worth,MO,2028
29229,7.3,Wright,MO,18275
29510,6.6,St. Louis City,MO,313144
30001,2.9,Beaverhead,MT,9444
30003,7.7,Big Horn,MT,13371
30005,4.4,Blaine,MT,6657
30007,4.3,Broadwater,MT,5788
30009,3.5,Carbon,MT,10498
30011,2.4,Carter,MT,1177
30013,3.8,Cascade,MT,81488
30015,3.6,Chouteau,MT,5794
30017,3.7,Custer,MT,11821
30019,2.3,Daniels,MT,1734
30021,4,Dawson,MT,9243
30023,4.2,Deer Lodge,MT,9069
30025,3.1,Fallon,MT,3091
30027,3.3,Fergus,MT,11300
30029,4.8,Flathead,MT,97693
30031,2.3,Gallatin,MT,104072
30033,2.4,Garfield,MT,1308
30035,9,Glacier,MT,13669
30037,3.2,Golden Valley,MT,815
30039,5.5,Granite,MT,3292
30041,4.9,Hill,MT,16446
30043,4.5,Jefferson,MT,11770
30045,2.7,Judith Basin,MT,1949
30047,4.8,Lake,MT,29711
30049,3.3,Lewis and Clark,MT,66792
30051,3.1,Liberty,MT,2428
30053,7.9,Lincoln,MT,19230
30055,2.1,McCone,MT,1739
30057,3.1,Madison,MT,7969
30059,4.2,Meagher,MT,1842
30061,7.1,Mineral,MT,4125
30063,3.5,Missoula,MT,115896
30065,4.3,Musselshell,MT,4636
30067,3.3,Park,MT,16098
30069,3.1,Petroleum,MT,498
30071,4.6,Phillips,MT,4116
30073,4.7,Pondera,MT,6028
30075,2.5,Powder River,MT,1752
30077,4.5,Powell,MT,6848
30079,3,Prairie,MT,1166
30081,4.5,Ravalli,MT,41876
30083,4.9,Richland,MT,11408
30085,6.2,Roosevelt,MT,11219
30087,6.8,Rosebud,MT,9265
30089,7,Sanders,MT,11466
30091,3.2,Sheridan,MT,3596
30093,4.3,Silver Bow,MT,34467
30095,3.9,Stillwater,MT,9367
30097,2.9,Sweet Grass,MT,3628
30099,3.5,Teton,MT,6012
30101,3.3,Toole,MT,4961
30103,4.1,Treasure,MT,685
30105,3,Valley,MT,7537
30107,4.9,Wheatland,MT,2111
30109,4.6,Wibaux,MT,1047
30111,3.7,Yellowstone,MT,157648
31001,3.3,Adams,NE,31657
31003,2.5,Antelope,NE,6356
31005,5.4,Arthur,NE,470
31007,4.2,Banner,NE,724
31009,4.1,Blaine,NE,469
31011,2.8,Boone,NE,5358
31013,3.6,Box Butte,NE,11192
31015,2.8,Boyd,NE,1980
31017,3.5,Brown,NE,2984
31019,2.8,Buffalo,NE,49382
31021,3.6,Burt,NE,6547
31023,3.2,Butler,NE,8005
31025,3.5,Cass,NE,25594
31027,2.8,Cedar,NE,8595
31029,2.5,Chase,NE,3954
31031,2.5,Cherry,NE,5829
31033,3.3,Cheyenne,NE,10066
31035,3,Clay,NE,6149
31037,3.2,Colfax,NE,10659
31039,3.2,Cuming,NE,9001
31041,2.6,Custer,NE,10837
31043,4.5,Dakota,NE,20401
31045,3.4,Dawes,NE,8912
31047,3,Dawson,NE,23823
31049,3.4,Deuel,NE,1868
31051,3.4,Dixon,NE,5744
31053,3.3,Dodge,NE,36567
31055,3.5,Douglas,NE,555894
31057,2.5,Dundy,NE,1815
31059,2.8,Fillmore,NE,5640
31061,3.3,Franklin,NE,3012
31063,2.8,Frontier,NE,2650
31065,3.3,Furnas,NE,4771
31067,3.5,Gage,NE,21609
31069,3.2,Garden,NE,1911
31071,2.7,Garfield,NE,2001
31073,2.7,Gosper,NE,2023
31075,2.6,Grant,NE,664
31077,3.7,Greeley,NE,2405
31079,3.4,Hall,NE,61530
31081,2.9,Hamilton,NE,9170
31083,2.9,Harlan,NE,3462
31085,2.8,Hayes,NE,891
31087,4.1,Hitchcock,NE,2844
31089,3.1,Holt,NE,10235
31091,2.7,Hooker,NE,691
31093,2.9,Howard,NE,6419
31095,2.7,Jefferson,NE,7178
31097,3.1,Johnson,NE,5208
31099,2.4,Kearney,NE,6569
31101,3,Keith,NE,8106
31103,2.3,Keya Paha,NE,795
31105,4.3,Kimball,NE,3684
31107,2.8,Knox,NE,8501
31109,3,Lancaster,NE,310548
31111,3.2,Lincoln,NE,35474
31113,3,Logan,NE,797
31115,3.7,Loup,NE,616
31117,2.5,McPherson,NE,505
31119,3,Madison,NE,34935
31121,3.7,Merrick,NE,7849
31123,3.5,Morrill,NE,4892
31125,2.9,Nance,NE,3577
31127,4.3,Nemaha,NE,6981
31129,3,Nuckolls,NE,4268
31131,3.6,Otoe,NE,15984
31133,2.4,Pawnee,NE,2711
31135,2.5,Perkins,NE,2906
31137,2.8,Phelps,NE,9184
31139,2.5,Pierce,NE,7156
31141,3.5,Platte,NE,32946
31143,2.7,Polk,NE,5202
31145,3.2,Red Willow,NE,10783
31147,3.3,Richardson,NE,7998
31149,2.6,Rock,NE,1412
31151,3.1,Saline,NE,14295
31153,3.1,Sarpy,NE,178328
31155,3.2,Saunders,NE,20995
31157,3.8,Scotts Bluff,NE,36553
31159,3.1,Seward,NE,17085
31161,3.4,Sheridan,NE,5239
31163,3.3,Sherman,NE,3025
31165,2.6,Sioux,NE,1262
31167,2.7,Stanton,NE,5987
31169,2.8,Thayer,NE,5099
31171,3.2,Thomas,NE,722
31173,4.6,Thurston,NE,7140
31175,2.9,Valley,NE,4181
31177,3.2,Washington,NE,20568
31179,3.4,Wayne,NE,9453
31181,3.7,Webster,NE,3582
31183,2.7,Wheeler,NE,803
31185,2.9,York,NE,13761
32001,5.8,Churchill,NV,24016
32003,6,Clark,NV,2156724
32005,5.3,Douglas,NV,47947
32007,4.4,Elko,NV,52283
32009,4.7,Esmeralda,NV,828
32011,5.1,Eureka,NV,1940
32013,5.5,Humboldt,NV,16873
32015,5.9,Lander,NV,5765
32017,5.3,Lincoln,NV,5178
32019,7.3,Lyon,NV,52854
32021,8.6,Mineral,NV,4396
32023,7.5,Nye,NV,43399
32027,6,Pershing,NV,6606
32029,5.8,Storey,NV,3989
32031,4.9,Washoe,NV,452429
32033,4.6,White Pine,NV,9744
32510,6,Carson City,NV,54283
33001,2.6,Belknap,NH,60606
33003,2.8,Carroll,NH,47399
33005,2.9,Cheshire,NH,75697
33007,3.5,Coos,NH,31923
33009,2.4,Grafton,NH,89311
33011,3.2,Hillsborough,NH,407718
33013,2.6,Merrimack,NH,148133
33015,3.1,Rockingham,NH,303922
33017,2.7,Strafford,NH,127270
33019,2.5,Sullivan,NH,43036
34001,7.1,Atlantic,NJ,270830
34003,4.7,Bergen,NJ,942387
34005,5,Burlington,NJ,448342
34007,6,Camden,NJ,510741
34009,5.7,Cape May,NJ,93920
34011,7.9,Cumberland,NJ,153914
34013,6.6,Essex,NJ,803876
34015,5.6,Gloucester,NJ,291703
34017,5.2,Hudson,NJ,686391
34019,4.1,Hunterdon,NJ,125061
34021,4.9,Mercer,NJ,373660
34023,4.9,Middlesex,NJ,839986
34025,4.8,Monmouth,NJ,626782
34027,4.2,Morris,NJ,498844
34029,5.4,Ocean,NJ,592944
34031,6.8,Passaic,NJ,511265
34033,6.8,Salem,NJ,63158
34035,4.4,Somerset,NJ,334373
34037,5,Sussex,NJ,142288
34039,5.6,Union,NJ,561106
34041,5.1,Warren,NJ,106845
35001,6.2,Bernalillo,NM,675588
35003,6.9,Catron,NM,3532
35005,6.9,Chaves,NM,65371
35006,9.1,Cibola,NM,26996
35007,5.6,Colfax,NM,12262
35009,5.4,Curry,NM,50168
35011,5,De Baca,NM,1841
35013,7.1,Do±a Ana,NM,213874
35015,7.2,Eddy,NM,57456
35017,6.6,Grant,NM,28033
35019,6.4,Guadalupe,NM,4372
35021,7.3,Harding,NM,692
35023,5.4,Hidalgo,NM,4330
35025,9.8,Lea,NM,69850
35027,6,Lincoln,NM,19294
35028,4.5,Los Alamos,NM,18152
35029,10,Luna,NM,24288
35031,9.8,McKinley,NM,72958
35033,8,Mora,NM,4547
35035,6.4,Otero,NM,65184
35037,7,Quay,NM,8381
35039,7.3,Rio Arriba,NM,39158
35041,6.1,Roosevelt,NM,19082
35043,7.1,Sandoval,NM,140224
35045,9.4,San Juan,NM,127772
35047,8.1,San Miguel,NM,27956
35049,5.5,Santa Fe,NM,147943
35051,7.8,Sierra,NM,11134
35053,8,Socorro,NM,16919
35055,8.3,Taos,NM,32857
35057,9.3,Torrance,NM,15426
35059,4.5,Union,NM,4153
35061,7.6,Valencia,NM,75639
36001,4,Albany,NY,309080
36003,4.9,Allegany,NY,47110
36005,7.8,Bronx,NY,1468976
36007,5,Broome,NY,194830
36009,5.2,Cattaraugus,NY,77761
36011,4.4,Cayuga,NY,77757
36013,5.1,Chautauqua,NY,129638
36015,5.2,Chemung,NY,86040
36017,4.4,Chenango,NY,48323
36019,5.1,Clinton,NY,80973
36021,3.3,Columbia,NY,61010
36023,4.6,Cortland,NY,47934
36025,4.9,Delaware,NY,45425
36027,4,Dutchess,NY,294567
36029,4.6,Erie,NY,923116
36031,4.1,Essex,NY,38014
36033,4.8,Franklin,NY,51139
36035,5.2,Fulton,NY,53696
36037,3.8,Genesee,NY,58163
36039,4.5,Greene,NY,47516
36041,2.9,Hamilton,NY,4566
36043,4.4,Herkimer,NY,62479
36045,5.1,Jefferson,NY,114084
36047,5.9,Kings,NY,2650859
36049,5.4,Lewis,NY,26646
36051,4.2,Livingston,NY,64202
36053,4.6,Madison,NY,71389
36055,4.6,Monroe,NY,747326
36057,5.2,Montgomery,NY,49266
36059,3.8,Nassau,NY,1365857
36061,4.9,New York,NY,1662164
36063,5.2,Niagara,NY,211798
36065,4.3,Oneida,NY,231273
36067,4.2,Onondaga,NY,466635
36069,3.7,Ontario,NY,109586
36071,4.2,Orange,NY,379915
36073,5.2,Orleans,NY,41292
36075,5.7,Oswego,NY,118907
36077,4.3,Otsego,NY,60343
36079,3.9,Putnam,NY,99107
36081,5,Queens,NY,2356044
36083,4.1,Rensselaer,NY,159736
36085,5.9,Richmond,NY,477383
36087,4.1,Rockland,NY,326875
36089,5.8,St. Lawrence,NY,109989
36091,3.5,Saratoga,NY,227560
36093,4.2,Schenectady,NY,154972
36095,4.7,Schoharie,NY,31453
36097,4.6,Schuyler,NY,17998
36099,3.8,Seneca,NY,34781
36101,5,Steuben,NY,96830
36103,4.3,Suffolk,NY,1494334
36105,4.1,Sullivan,NY,75370
36107,4.5,Tioga,NY,48778
36109,3.7,Tompkins,NY,104561
36111,4.3,Ulster,NY,179546
36113,4.1,Warren,NY,64519
36115,3.8,Washington,NY,61806
36117,4.5,Wayne,NY,90924
36119,4.2,Westchester,NY,978604
36121,4.1,Wyoming,NY,40439
36123,3.7,Yates,NY,25022
37001,4.8,Alamance,NC,159325
37003,4.5,Alexander,NC,37270
37005,5.1,Alleghany,NC,10945
37007,5.9,Anson,NC,25119
37009,4.5,Ashe,NC,26754
37011,4.8,Avery,NC,17500
37013,5.6,Beaufort,NC,47361
37015,6.4,Bertie,NC,19449
37017,6.7,Bladen,NC,33796
37019,5.7,Brunswick,NC,126353
37021,3.9,Buncombe,NC,255334
37023,5.1,Burke,NC,88802
37025,4.6,Cabarrus,NC,201573
37027,5.3,Caldwell,NC,81787
37029,5.3,Camden,NC,10423
37031,4.7,Carteret,NC,68855
37033,5.5,Caswell,NC,22742
37035,4.9,Catawba,NC,156647
37037,4.3,Chatham,NC,69824
37039,5.4,Cherokee,NC,27883
37041,6.5,Chowan,NC,14240
37043,5.1,Clay,NC,10819
37045,5.6,Cleveland,NC,97102
37047,6.1,Columbus,NC,56335
37049,5.1,Craven,NC,102857
37051,6.3,Cumberland,NC,333538
37053,4.6,Currituck,NC,25664
37055,4.2,Dare,NC,35760
37057,4.9,Davidson,NC,164504
37059,4.6,Davie,NC,41973
37061,5.4,Duplin,NC,59559
37063,4.5,Durham,NC,307090
37065,8.5,Edgecombe,NC,53293
37067,4.9,Forsyth,NC,371614
37069,5.1,Franklin,NC,64659
37071,5.3,Gaston,NC,216903
37073,5.2,Gates,NC,11593
37075,7.1,Graham,NC,8548
37077,4.4,Granville,NC,58824
37079,5,Greene,NC,21144
37081,5.3,Guilford,NC,521996
37083,7.8,Halifax,NC,51871
37085,5.8,Harnett,NC,130899
37087,4.4,Haywood,NC,60388
37089,4.3,Henderson,NC,113758
37091,6.5,Hertford,NC,24096
37093,6.5,Hoke,NC,53108
37095,6.4,Hyde,NC,5476
37097,4.7,Iredell,NC,172529
37099,5.1,Jackson,NC,42268
37101,4.5,Johnston,NC,191094
37103,5.1,Jones,NC,9625
37105,5.7,Lee,NC,59746
37107,5.4,Lenoir,NC,57432
37109,4.6,Lincoln,NC,81075
37111,4.6,McDowell,NC,44989
37113,5.1,Macon,NC,34309
37115,4.9,Madison,NC,21434
37117,6.8,Martin,NC,23081
37119,4.7,Mecklenburg,NC,1057237
37121,6,Mitchell,NC,15068
37123,5.2,Montgomery,NC,27438
37125,5,Moore,NC,95392
37127,6.8,Nash,NC,94008
37129,4.7,New Hanover,NC,223234
37131,7.3,Northampton,NC,20166
37133,5.4,Onslow,NC,192199
37135,4.5,Orange,NC,142723
37137,5.1,Pamlico,NC,12799
37139,6.2,Pasquotank,NC,39615
37141,5.2,Pender,NC,58897
37143,6.3,Perquimans,NC,13427
37145,5.4,Person,NC,39283
37147,5.7,Pitt,NC,177627
37149,4.9,Polk,NC,20421
37151,4.8,Randolph,NC,143209
37153,6.9,Richmond,NC,45054
37155,7.3,Robeson,NC,133514
37157,5.5,Rockingham,NC,91359
37159,5.5,Rowan,NC,139529
37161,6.6,Rutherford,NC,66305
37163,5.6,Sampson,NC,63363
37165,8.9,Scotland,NC,35250
37167,4.7,Stanly,NC,60880
37169,4.9,Stokes,NC,45891
37171,4.8,Surry,NC,72049
37173,4.9,Swain,NC,14187
37175,4.8,Transylvania,NC,33471
37177,6.2,Tyrrell,NC,4039
37179,4.4,Union,NC,226540
37181,7.3,Vance,NC,44426
37183,4.2,Wake,NC,1049143
37185,7,Warren,NC,19889
37187,6.9,Washington,NC,12132
37189,4.7,Watauga,NC,54099
37191,5.6,Wayne,NC,124476
37193,4.7,Wilkes,NC,68634
37195,8.1,Wilson,NC,81433
37197,4.4,Yadkin,NC,37726
37199,5.1,Yancey,NC,17622
38001,2.3,Adams,ND,2348
38003,3.2,Barnes,ND,10929
38005,3.1,Benson,ND,6851
38007,2.5,Billings,ND,953
38009,3.2,Bottineau,ND,6579
38011,1.8,Bowman,ND,3230
38013,3.8,Burke,ND,2227
38015,2.3,Burleigh,ND,94429
38017,2,Cass,ND,174625
38019,1.9,Cavalier,ND,3810
38021,1.8,Dickey,ND,4995
38023,2,Divide,ND,2389
38025,2.2,Dunn,ND,4373
38027,2.8,Eddy,ND,2288
38029,3.1,Emmons,ND,3335
38031,2.5,Foster,ND,3310
38033,2.4,Golden Valley,ND,1861
38035,2.3,Grand Forks,ND,70596
38037,2.1,Grant,ND,2396
38039,2.3,Griggs,ND,2262
38041,2.9,Hettinger,ND,2599
38043,2.6,Kidder,ND,2463
38045,2,LaMoure,ND,4114
38047,2.9,Logan,ND,1932
38049,4.1,McHenry,ND,5988
38051,2.4,McIntosh,ND,2604
38053,3.1,McKenzie,ND,12616
38055,3.1,McLean,ND,9665
38057,4.5,Mercer,ND,8637
38059,2.9,Morton,ND,30615
38061,2.9,Mountrail,ND,10245
38063,2.9,Nelson,ND,2901
38065,5.3,Oliver,ND,1898
38067,4.5,Pembina,ND,7063
38069,3,Pierce,ND,4213
38071,2.5,Ramsey,ND,11514
38073,1.9,Ransom,ND,5373
38075,3.5,Renville,ND,2523
38077,2.7,Richland,ND,16338
38079,14.2,Rolette,ND,14667
38081,1.6,Sargent,ND,3890
38083,3.7,Sheridan,ND,1347
38085,5.3,Sioux,ND,4455
38087,2.3,Slope,ND,784
38089,3.3,Stark,ND,30856
38091,1.7,Steele,ND,1913
38093,2.1,Stutsman,ND,21009
38095,2,Towner,ND,2247
38097,2.7,Traill,ND,8025
38099,3.6,Walsh,ND,10862
38101,3.5,Ward,ND,70153
38103,2.7,Wells,ND,4058
38105,3.7,Williams,ND,34195
39001,6.8,Adams,OH,27832
39003,4.6,Allen,OH,103626
39005,4.3,Ashland,OH,53417
39007,5.3,Ashtabula,OH,98169
39009,6,Athens,OH,66320
39011,3.5,Auglaize,OH,45797
39013,6.3,Belmont,OH,68568
39015,5,Brown,OH,43644
39017,4.2,Butler,OH,377933
39019,6,Carroll,OH,27637
39021,4.1,Champaign,OH,38737
39023,4.7,Clark,OH,134621
39025,4.1,Clermont,OH,203016
39027,5.4,Clinton,OH,41881
39029,6,Columbiana,OH,103744
39031,6.2,Coshocton,OH,36644
39033,5.5,Crawford,OH,42037
39035,5.5,Cuyahoga,OH,1253454
39037,3.7,Darke,OH,51636
39039,4.3,Defiance,OH,38121
39041,3.4,Delaware,OH,196777
39043,4.6,Erie,OH,74944
39045,3.9,Fairfield,OH,152681
39047,3.9,Fayette,OH,28662
39049,3.9,Franklin,OH,1269998
39051,4,Fulton,OH,42325
39053,6.4,Gallia,OH,29996
39055,4.4,Geauga,OH,93848
39057,4.2,Greene,OH,165109
39059,5.8,Guernsey,OH,39200
39061,4.2,Hamilton,OH,810087
39063,3.5,Hancock,OH,75590
39065,4.9,Hardin,OH,31407
39067,6.4,Harrison,OH,15257
39069,4.2,Henry,OH,27269
39071,5.5,Highland,OH,42993
39073,4.5,Hocking,OH,28386
39075,3.3,Holmes,OH,43832
39077,5,Huron,OH,58391
39079,7,Jackson,OH,32534
39081,7.4,Jefferson,OH,66914
39083,4.1,Knox,OH,60832
39085,4.8,Lake,OH,229270
39087,6.1,Lawrence,OH,60729
39089,4.1,Licking,OH,171822
39091,3.9,Logan,OH,45171
39093,5.9,Lorain,OH,306590
39095,4.9,Lucas,OH,432562
39097,3.5,Madison,OH,43354
39099,5.8,Mahoning,OH,230169
39101,4.7,Marion,OH,65334
39103,4.3,Medina,OH,176903
39105,7.6,Meigs,OH,23177
39107,3,Mercer,OH,40710
39109,4,Miami,OH,104382
39111,9.1,Monroe,OH,14097
39113,4.6,Montgomery,OH,531395
39115,6.8,Morgan,OH,14762
39117,4.4,Morrow,OH,34954
39119,5.3,Muskingum,OH,85929
39121,7.3,Noble,OH,14443
39123,4.6,Ottawa,OH,40495
39125,4.2,Paulding,OH,18839
39127,5.5,Perry,OH,36019
39129,4.2,Pickaway,OH,57530
39131,6.8,Pike,OH,28237
39133,4.5,Portage,OH,162162
39135,4.3,Preble,OH,41105
39137,3.2,Putnam,OH,34016
39139,4.9,Richland,OH,121167
39141,4.8,Ross,OH,76910
39143,4.1,Sandusky,OH,59281
39145,7,Scioto,OH,76240
39147,4.4,Seneca,OH,55357
39149,3.7,Shelby,OH,48726
39151,4.9,Stark,OH,373528
39153,4.7,Summit,OH,540394
39155,6,Trumbull,OH,201701
39157,5,Tuscarawas,OH,92485
39159,3.5,Union,OH,55456
39161,3.7,Van Wert,OH,28166
39163,5.9,Vinton,OH,13021
39165,3.9,Warren,OH,226476
39167,6.4,Washington,OH,60535
39169,3.6,Wayne,OH,116422
39171,4.1,Williams,OH,36921
39173,4,Wood,OH,129704
39175,3.4,Wyandot,OH,22042
40001,5.8,Adair,OK,22111
40003,3.6,Alfalfa,OK,5914
40005,7.1,Atoka,OK,13925
40007,3.2,Beaver,OK,5400
40009,7.7,Beckham,OK,22432
40011,3.7,Blaine,OK,9571
40013,4.3,Bryan,OK,45492
40015,5.6,Caddo,OK,29542
40017,4.3,Canadian,OK,136303
40019,5.4,Carter,OK,48359
40021,5.6,Cherokee,OK,48751
40023,8.3,Choctaw,OK,14915
40025,2.7,Cimarron,OK,2170
40027,4,Cleveland,OK,277670
40029,7.5,Coal,OK,5642
40031,4.8,Comanche,OK,121398
40033,5.2,Cotton,OK,5913
40035,4.9,Craig,OK,14460
40037,6.3,Creek,OK,71038
40039,4.9,Custer,OK,29045
40041,5.2,Delaware,OK,41880
40043,4.1,Dewey,OK,4886
40045,3.7,Ellis,OK,4083
40047,4.5,Garfield,OK,62384
40049,5.7,Garvin,OK,27942
40051,5.2,Grady,OK,54727
40053,3.1,Grant,OK,4453
40055,7.9,Greer,OK,5965
40057,3.6,Harmon,OK,2693
40059,4.3,Harper,OK,3794
40061,8.8,Haskell,OK,12646
40063,7.5,Hughes,OK,13422
40065,4.9,Jackson,OK,25397
40067,8,Jefferson,OK,6250
40069,6.5,Johnston,OK,11091
40071,6.7,Kay,OK,44983
40073,3.6,Kingfisher,OK,15566
40075,5.6,Kiowa,OK,9028
40077,9.7,Latimer,OK,10562
40079,7.4,Le Flore,OK,49842
40081,5.5,Lincoln,OK,34954
40083,4.3,Logan,OK,46002
40085,3.3,Love,OK,9978
40087,4.3,McClain,OK,38599
40089,7.7,McCurtain,OK,32919
40091,9.5,McIntosh,OK,19759
40093,4.3,Major,OK,7741
40095,5.1,Marshall,OK,16249
40097,5.5,Mayes,OK,40972
40099,4.3,Murray,OK,13862
40101,6,Muskogee,OK,69046
40103,4,Noble,OK,11364
40105,6.5,Nowata,OK,10401
40107,6.1,Okfuskee,OK,12107
40109,4.5,Oklahoma,OK,784208
40111,7.4,Okmulgee,OK,39104
40113,6.1,Osage,OK,47317
40115,5.3,Ottawa,OK,31523
40117,7.1,Pawnee,OK,16505
40119,3.9,Payne,OK,81249
40121,6.5,Pittsburg,OK,44395
40123,4.2,Pontotoc,OK,38443
40125,5,Pottawatomie,OK,71982
40127,7.7,Pushmataha,OK,11064
40129,5.4,Roger Mills,OK,3690
40131,5.6,Rogers,OK,90951
40133,7.3,Seminole,OK,25164
40135,6.5,Sequoyah,OK,41364
40137,10.4,Stephens,OK,43993
40139,3.5,Texas,OK,21131
40141,4.5,Tillman,OK,7530
40143,5.2,Tulsa,OK,645042
40145,5.2,Wagoner,OK,77508
40147,5,Washington,OK,51914
40149,7.2,Washita,OK,11474
40151,3.3,Woods,OK,9134
40153,6.4,Woodward,OK,20924
41001,6.7,Baker,OR,15948
41003,5,Benton,OR,89296
41005,5.2,Clackamas,OR,406680
41007,5.1,Clatsop,OR,38637
41009,7.1,Columbia,OR,50886
41011,7.3,Coos,OR,63375
41013,6.9,Crook,OR,22344
41015,7,Curry,OR,22588
41017,5.1,Deschutes,OR,180675
41019,7.3,Douglas,OR,108100
41021,7.1,Gilliam,OR,1859
41023,6.1,Grant,OR,7184
41025,5.9,Harney,OR,7261
41027,4,Hood River,OR,23064
41029,6.8,Jackson,OR,214706
41031,6.6,Jefferson,OR,23119
41033,7.4,Josephine,OR,85338
41035,7.2,Klamath,OR,66283
41037,5.7,Lake,OR,7820
41039,6.2,Lane,OR,368283
41041,5.9,Lincoln,OR,47897
41043,6.7,Linn,OR,122700
41045,6.1,Malheur,OR,30393
41047,5.9,Marion,OR,335766
41049,5.8,Morrow,OR,11219
41051,5,Multnomah,OR,801539
41053,6,Polk,OR,81442
41055,4.3,Sherman,OR,1717
41057,5.2,Tillamook,OR,26209
41059,5.9,Umatilla,OR,76649
41061,6.3,Union,OR,26043
41063,5,Wallowa,OR,6916
41065,5.9,Wasco,OR,25871
41067,5,Washington,OR,582739
41069,4.9,Wheeler,OR,1326
41071,5.4,Yamhill,OR,104117
42001,4.5,Adams,PA,101684
42003,5.9,Allegheny,PA,1227553
42005,8,Armstrong,PA,66132
42007,6.8,Beaver,PA,167123
42009,5.8,Bedford,PA,48652
42011,5.6,Berks,PA,415732
42013,5.7,Blair,PA,123927
42015,6.5,Bradford,PA,60986
42017,5.2,Bucks,PA,626751
42019,5.7,Butler,PA,186207
42021,7.7,Cambria,PA,134313
42023,8.2,Cameron,PA,4683
42025,6.7,Carbon,PA,63515
42027,4.8,Centre,PA,162083
42029,4.6,Chester,PA,516489
42031,7.2,Clarion,PA,38558
42033,7.5,Clearfield,PA,80035
42035,7.3,Clinton,PA,38985
42037,6.2,Columbia,PA,66152
42039,6.7,Crawford,PA,86505
42041,4.7,Cumberland,PA,247901
42043,5.3,Dauphin,PA,274121
42045,5.6,Delaware,PA,563995
42047,6.7,Elk,PA,30423
42049,7.1,Erie,PA,276321
42051,8.5,Fayette,PA,132392
42053,8.5,Forest,PA,7306
42055,5.7,Franklin,PA,153564
42057,6.3,Fulton,PA,14617
42059,8.1,Greene,PA,37158
42061,7.1,Huntingdon,PA,45503
42063,8.3,Indiana,PA,85256
42065,7.3,Jefferson,PA,43955
42067,5.8,Juniata,PA,24475
42069,6.4,Lackawanna,PA,210872
42071,4.8,Lancaster,PA,539137
42073,7,Lawrence,PA,87631
42075,5.1,Lebanon,PA,138557
42077,6.3,Lehigh,PA,363113
42079,6.9,Luzerne,PA,316801
42081,7,Lycoming,PA,114708
42083,7.2,McKean,PA,41518
42085,6.8,Mercer,PA,112673
42087,6,Mifflin,PA,46316
42089,6.9,Monroe,PA,166516
42091,4.7,Montgomery,PA,820656
42093,4.9,Montour,PA,18230
42095,5.9,Northampton,PA,301760
42097,6.6,Northumberland,PA,92479
42099,5.1,Perry,PA,45986
42101,7.7,Philadelphia,PA,1574765
42103,6.8,Pike,PA,55191
42105,7.8,Potter,PA,16925
42107,6.7,Schuylkill,PA,143335
42109,5.1,Snyder,PA,40667
42111,7.5,Somerset,PA,75070
42113,7,Sullivan,PA,6089
42115,5.4,Susquehanna,PA,41238
42117,7.4,Tioga,PA,41227
42119,5.4,Union,PA,45440
42121,8,Venango,PA,52469
42123,5.9,Warren,PA,39998
42125,6.6,Washington,PA,207341
42127,5.6,Wayne,PA,51230
42129,6.6,Westmoreland,PA,354788
42131,6.2,Wyoming,PA,27498
42133,5.2,York,PA,443809
44001,5,Briston,RI,48878
44003,5.3,Kent,RI,163690
44005,4.8,Newport,RI,83495
44007,6.3,Providence,RI,635522
44009,5,Washington,RI,125981
45001,6.1,Abbeville,SC,24717
45003,5.6,Aiken,SC,166922
45005,9.1,Allendale,SC,9059
45007,5.2,Anderson,SC,195968
45009,11.4,Bamberg,SC,14530
45011,8,Barnwell,SC,21591
45013,5.1,Beaufort,SC,183497
45015,5,Berkeley,SC,211863
45017,7.4,Calhoun,SC,14751
45019,4.5,Charleston,SC,396570
45021,6.6,Cherokee,SC,56725
45023,8.4,Chester,SC,32280
45025,5.7,Chesterfield,SC,46170
45027,7.1,Clarendon,SC,34239
45029,5.8,Colleton,SC,37599
45031,6.8,Darlington,SC,67370
45033,7.1,Dillon,SC,30817
45035,4.9,Dorchester,SC,153471
45037,6.1,Edgefield,SC,26580
45039,7.7,Fairfield,SC,22630
45041,5.8,Florence,SC,138448
45043,6.6,Georgetown,SC,61374
45045,4.7,Greenville,SC,499034
45047,5.8,Greenwood,SC,70172
45049,6.2,Hampton,SC,19874
45051,5.4,Horry,SC,321440
45053,4.7,Jasper,SC,28071
45055,5.8,Kershaw,SC,64269
45057,6,Lancaster,SC,89855
45059,5.6,Laurens,SC,66571
45061,8.2,Lee,SC,17607
45063,4.5,Lexington,SC,286394
45065,5.8,McCormick,SC,9569
45067,8.6,Marion,SC,31753
45069,9.1,Marlboro,SC,27036
45071,4.8,Newberry,SC,38044
45073,5.5,Oconee,SC,76407
45075,11.3,Orangeburg,SC,88334
45077,5.6,Pickens,SC,122939
45079,5.4,Richland,SC,409104
45081,4.8,Saluda,SC,20295
45083,5.3,Spartanburg,SC,301066
45085,6.5,Sumter,SC,107287
45087,6.5,Union,SC,27685
45089,7.9,Williamsburg,SC,31847
45091,5.2,York,SC,257998
46003,1.9,Aurora,SD,2750
46005,2.3,Beadle,SD,18087
46007,4,Bennett,SD,3447
46009,2.4,Bon Homme,SD,6968
46011,2.5,Brookings,SD,34057
46013,2.4,Brown,SD,38918
46015,2.5,Brule,SD,5213
46017,9.8,Buffalo,SD,2032
46019,2.9,Butte,SD,10127
46021,2.5,Campbell,SD,1388
46023,3,Charles Mix,SD,9382
46025,2.9,Clark,SD,3640
46027,2.7,Clay,SD,13938
46029,2.6,Codington,SD,28033
46031,5.5,Corson,SD,4125
46033,3.1,Custer,SD,8616
46035,1.9,Davison,SD,19831
46037,3.6,Day,SD,5514
46039,3.2,Deuel,SD,4238
46041,14.1,Dewey,SD,5774
46043,2.2,Douglas,SD,2910
46045,2.1,Edmunds,SD,3938
46047,3.8,Fall River,SD,6769
46049,2.5,Faulk,SD,2325
46051,2.5,Grant,SD,7095
46053,2.6,Gregory,SD,4171
46055,2.1,Haakon,SD,1883
46057,2.4,Hamlin,SD,5878
46059,1.9,Hand,SD,3282
46061,3.2,Hanson,SD,3390
46063,2.1,Harding,SD,1265
46065,2,Hughes,SD,17577
46067,2,Hutchinson,SD,7338
46069,2.8,Hyde,SD,1339
46071,2.8,Jackson,SD,3297
46073,2.4,Jerauld,SD,2005
46075,2.4,Jones,SD,935
46077,2.1,Kingsbury,SD,4977
46079,3,Lake,SD,12605
46081,2.9,Lawrence,SD,25183
46083,1.8,Lincoln,SD,54572
46085,5,Lyman,SD,3920
46087,2.1,McCook,SD,5481
46089,3.6,McPherson,SD,2422
46091,2.8,Marshall,SD,4790
46093,2.7,Meade,SD,27360
46095,3.8,Mellette,SD,2081
46097,2.4,Miner,SD,2241
46099,2.2,Minnehaha,SD,186051
46101,3.6,Moody,SD,6556
46102,13.2,Oglala Lakota,SD,14392
46103,2.6,Pennington,SD,108903
46105,2.8,Perkins,SD,2966
46107,2.3,Potter,SD,2270
46109,3.3,Roberts,SD,10222
46111,2.5,Sanborn,SD,2378
46115,2.6,Spink,SD,6404
46117,2,Stanley,SD,3024
46119,1.9,Sully,SD,1419
46121,6.8,Todd,SD,10099
46123,1.9,Tripp,SD,5490
46125,2.4,Turner,SD,8268
46127,2.9,Union,SD,14992
46129,4.3,Walworth,SD,5501
46135,2.3,Yankton,SD,22626
46137,5.6,Ziebach,SD,2874
47001,5.1,Anderson,TN,75585
47003,5.3,Bedford,TN,47420
47005,7.4,Benton,TN,16059
47007,6.6,Bledsoe,TN,14599
47009,4.5,Blount,TN,128244
47011,4.7,Bradley,TN,104407
47013,6.7,Campbell,TN,39671
47015,4.9,Cannon,TN,13907
47017,7.1,Carroll,TN,27924
47019,5.9,Carter,TN,56458
47021,4,Cheatham,TN,39728
47023,5.7,Chester,TN,17102
47025,6.4,Claiborne,TN,31561
47027,6.4,Clay,TN,7688
47029,6,Cocke,TN,35160
47031,4.9,Coffee,TN,54428
47033,5.2,Crockett,TN,14467
47035,5.9,Cumberland,TN,58532
47037,3.8,Davidson,TN,688901
47039,7.3,Decatur,TN,11711
47041,5.8,DeKalb,TN,19442
47043,4.4,Dickson,TN,51922
47045,6.1,Dyer,TN,37605
47047,5.3,Fayette,TN,39575
47049,6,Fentress,TN,17955
47051,5.7,Franklin,TN,41567
47053,6.2,Gibson,TN,49103
47055,4.3,Giles,TN,29140
47057,5.4,Grainger,TN,23112
47059,5.8,Greene,TN,68559
47061,6.6,Grundy,TN,13279
47063,5.3,Hamblen,TN,63717
47065,5,Hamilton,TN,358061
47067,8,Hancock,TN,6597
47069,6.2,Hardeman,TN,25476
47071,6.2,Hardin,TN,25759
47073,5.5,Hawkins,TN,56366
47075,6.5,Haywood,TN,17803
47077,7,Henderson,TN,27793
47079,6,Henry,TN,32245
47081,4.6,Hickman,TN,24649
47083,7.7,Houston,TN,8118
47085,6.2,Humphreys,TN,18381
47087,7.3,Jackson,TN,11602
47089,5.4,Jefferson,TN,53157
47091,4.9,Johnson,TN,17777
47093,4.3,Knox,TN,456114
47095,7.3,Lake,TN,7530
47097,7.8,Lauderdale,TN,25350
47099,5.9,Lawrence,TN,42979
47101,5.8,Lewis,TN,11912
47103,4.4,Lincoln,TN,33528
47105,4.8,Loudon,TN,51275
47107,5.8,McMinn,TN,52659
47109,7.4,McNairy,TN,25810
47111,4.5,Macon,TN,23455
47113,5.3,Madison,TN,97514
47115,6.7,Marion,TN,28321
47117,4.8,Marshall,TN,31973
47119,4.2,Maury,TN,89588
47121,7.2,Meigs,TN,11948
47123,5.5,Monroe,TN,45967
47125,5.5,Montgomery,TN,194795
47127,4.2,Moore,TN,6293
47129,6.6,Morgan,TN,21724
47131,7.5,Obion,TN,30526
47133,5.6,Overton,TN,21978
47135,6.2,Perry,TN,7892
47137,5.7,Pickett,TN,5085
47139,5.8,Polk,TN,16770
47141,5.2,Putnam,TN,76123
47143,7.5,Rhea,TN,32392
47145,5.8,Roane,TN,52913
47147,4.4,Robertson,TN,69177
47149,4,Rutherford,TN,307683
47151,7.4,Scott,TN,21892
47153,6.1,Sequatchie,TN,14740
47155,4.2,Sevier,TN,96609
47157,5.8,Shelby,TN,937130
47159,4.6,Smith,TN,19466
47161,6.8,Stewart,TN,13174
47163,5.5,Sullivan,TN,156335
47165,4.1,Sumner,TN,179108
47167,5.9,Tipton,TN,61176
47169,4.9,Trousdale,TN,9950
47171,6.9,Unicoi,TN,17665
47173,5.9,Union,TN,19232
47175,5.8,Van Buren,TN,5716
47177,4.8,Warren,TN,40400
47179,5.1,Washington,TN,127220
47181,6.2,Wayne,TN,16665
47183,7.3,Weakley,TN,33568
47185,5.4,White,TN,26451
47187,3.7,Williamson,TN,218888
47189,4,Wilson,TN,132433
48001,4.8,Anderson,TX,57558
48003,4.9,Andrews,TX,17837
48005,6.6,Angelina,TX,87830
48007,5.9,Aransas,TX,25275
48009,4.5,Archer,TX,8774
48011,3.5,Armstrong,TX,1856
48013,5.7,Atascosa,TX,48666
48015,5.9,Austin,TX,29637
48017,4.6,Bailey,TX,7180
48019,4.3,Bandera,TX,21710
48021,4.1,Bastrop,TX,82754
48023,3.5,Baylor,TX,3638
48025,8.5,Bee,TX,32835
48027,4.8,Bell,TX,341203
48029,4.1,Bexar,TX,1927747
48031,3.3,Blanco,TX,11341
48033,3.4,Borden,TX,660
48035,4.7,Bosque,TX,18010
48037,5.4,Bowie,TX,93881
48039,5.7,Brazoria,TX,353828
48041,3.9,Brazos,TX,219561
48043,4.3,Brewster,TX,9193
48045,4.8,Briscoe,TX,1486
48047,12.5,Brooks,TX,7263
48049,4.8,Brown,TX,38065
48051,5.2,Burleson,TX,17811
48053,3.8,Burnet,TX,45914
48055,4.5,Caldwell,TX,41108
48057,5.5,Calhoun,TX,21942
48059,4.6,Callahan,TX,13777
48061,7.6,Cameron,TX,421766
48063,7.8,Camp,TX,12775
48065,3.5,Carson,TX,6107
48067,8.2,Cass,TX,30080
48069,3.5,Castro,TX,7823
48071,6.8,Chambers,TX,40283
48073,5.5,Cherokee,TX,51896
48075,3.5,Childress,TX,7095
48077,4.5,Clay,TX,10242
48079,6,Cochran,TX,2911
48081,3.9,Coke,TX,3263
48083,6.4,Coleman,TX,8421
48085,3.8,Collin,TX,942453
48087,3.6,Collingsworth,TX,3028
48089,5.3,Colorado,TX,21027
48091,4.2,Comal,TX,134142
48093,4.6,Comanche,TX,13521
48095,3.2,Concho,TX,4273
48097,4.2,Cooke,TX,39244
48099,4.9,Coryell,TX,74943
48101,5,Cottle,TX,1404
48103,9.1,Crane,TX,4807
48105,6.7,Crockett,TX,3653
48107,5.1,Crosby,TX,5917
48109,4.1,Culberson,TX,2219
48111,2.5,Dallam,TX,7256
48113,4.2,Dallas,TX,2587462
48115,6,Dawson,TX,13042
48117,3.5,Deaf Smith,TX,18850
48119,4.3,Delta,TX,5146
48121,3.7,Denton,TX,808299
48123,6,DeWitt,TX,20618
48125,5.7,Dickens,TX,2201
48127,7.4,Dimmit,TX,10784
48129,5.3,Donley,TX,3392
48131,12.1,Duval,TX,11449
48133,5.7,Eastland,TX,18303
48135,6.8,Ector,TX,157580
48137,5.2,Edwards,TX,1918
48139,4.1,Ellis,TX,168381
48141,5.4,El Paso,TX,837147
48143,4.7,Erath,TX,41443
48145,4.6,Falls,TX,17331
48147,4.1,Fannin,TX,33855
48149,4.1,Fayette,TX,25070
48151,4.7,Fisher,TX,3881
48153,5.5,Floyd,TX,5876
48155,4.6,Foard,TX,1211
48157,5.7,Fort Bend,TX,741958
48159,5.5,Franklin,TX,10659
48161,7.2,Freestone,TX,19647
48163,5.4,Frio,TX,19385
48165,3.7,Gaines,TX,20481
48167,5.9,Galveston,TX,329306
48169,3.8,Garza,TX,6444
48171,3.1,Gillespie,TX,26305
48173,4.3,Glasscock,TX,1350
48175,5.7,Goliad,TX,7521
48177,4.6,Gonzales,TX,20863
48179,7.3,Gray,TX,22738
48181,4,Grayson,TX,128206
48183,6.8,Gregg,TX,123594
48185,7.6,Grimes,TX,27574
48187,4,Guadalupe,TX,154596
48189,6.4,Hale,TX,34209
48191,8.2,Hall,TX,3112
48193,5.3,Hamilton,TX,8231
48195,3.2,Hansford,TX,5532
48197,4.2,Hardeman,TX,3991
48199,6.8,Hardin,TX,56261
48201,5.8,Harris,TX,4617041
48203,6.7,Harrison,TX,66730
48205,2.1,Hartley,TX,5706
48207,5.1,Haskell,TX,5765
48209,3.7,Hays,TX,204345
48211,3.8,Hemphill,TX,4126
48213,5.3,Henderson,TX,80034
48215,8.4,Hidalgo,TX,850187
48217,4.8,Hill,TX,35171
48219,5.1,Hockley,TX,23103
48221,5,Hood,TX,56758
48223,4.5,Hopkins,TX,36203
48225,5,Houston,TX,22888
48227,6.1,Howard,TX,36618
48229,7,Hudspeth,TX,4073
48231,4.5,Hunt,TX,91939
48233,6.7,Hutchinson,TX,21570
48235,3.3,Irion,TX,1570
48237,5.2,Jack,TX,8766
48239,5.3,Jackson,TX,14851
48241,8.8,Jasper,TX,35401
48243,2.9,Jeff Davis,TX,2245
48245,7.6,Jefferson,TX,255954
48247,9.9,Jim Hogg,TX,5244
48249,11.3,Jim Wells,TX,41115
48251,4.7,Johnson,TX,162915
48253,6.2,Jones,TX,19994
48255,5.3,Karnes,TX,15264
48257,4,Kaufman,TX,118046
48259,3.6,Kendall,TX,41964
48261,5.4,Kenedy,TX,428
48263,2.9,Kent,TX,752
48265,3.9,Kerr,TX,51296
48267,3.9,Kimble,TX,4428
48269,3.6,King,TX,294
48271,6.6,Kinney,TX,3640
48273,7.9,Kleberg,TX,31347
48275,5.3,Knox,TX,3740
48277,5.4,Lamar,TX,49565
48279,7.1,Lamb,TX,13223
48281,4.6,Lampasas,TX,20657
48283,5.7,La Salle,TX,7619
48285,4.7,Lavaca,TX,19910
48287,4.2,Lee,TX,16998
48289,7.3,Leon,TX,17196
48291,8.5,Liberty,TX,81377
48293,6.2,Limestone,TX,23527
48295,5.1,Lipscomb,TX,3509
48297,5.5,Live Oak,TX,12022
48299,4.3,Llano,TX,20570
48301,4.4,Loving,TX,115
48303,3.7,Lubbock,TX,302301
48305,4.5,Lynn,TX,5795
48307,5.1,McCulloch,TX,8121
48309,4.4,McLennan,TX,247478
48311,2.2,McMullen,TX,815
48313,4.8,Madison,TX,14094
48315,7.7,Marion,TX,10087
48317,4.8,Martin,TX,5688
48319,3.7,Mason,TX,4161
48321,7.6,Matagorda,TX,37117
48323,11.4,Maverick,TX,57989
48325,4.8,Medina,TX,49196
48327,5,Menard,TX,2102
48329,4.6,Midland,TX,163473
48331,5.6,Milam,TX,24735
48333,4.6,Mills,TX,4894
48335,7.3,Mitchell,TX,8479
48337,5.1,Montague,TX,19436
48339,5.5,Montgomery,TX,554522
48341,3.2,Moore,TX,21935
48343,13.1,Morris,TX,12490
48345,3.9,Motley,TX,1172
48347,5.5,Nacogdoches,TX,65662
48349,4.6,Navarro,TX,48375
48351,7.9,Newton,TX,14186
48353,5.1,Nolan,TX,14968
48355,5.9,Nueces,TX,361529
48357,5.4,Ochiltree,TX,10295
48359,3.4,Oldham,TX,2074
48361,7.5,Orange,TX,84508
48363,5.9,Palo Pinto,TX,28132
48365,7.5,Panola,TX,23440
48367,4.3,Parker,TX,128861
48369,2.8,Parmer,TX,9818
48371,5.9,Pecos,TX,15877
48373,7.1,Polk,TX,47735
48375,3.6,Potter,TX,120542
48377,11.9,Presidio,TX,7166
48379,4.5,Rains,TX,11307
48381,3.2,Randall,TX,132457
48383,7.7,Reagan,TX,3738
48385,5.3,Real,TX,3397
48387,6.6,Red River,TX,12217
48389,6.1,Reeves,TX,15069
48391,7.4,Refugio,TX,7293
48393,4.9,Roberts,TX,916
48395,5.5,Robertson,TX,16858
48397,3.9,Rockwall,TX,93419
48399,4.8,Runnels,TX,10255
48401,6.4,Rusk,TX,52856
48403,9.8,Sabine,TX,10385
48405,9.6,San Augustine,TX,8283
48407,6.9,San Jacinto,TX,27757
48409,7.8,San Patricio,TX,67262
48411,3.9,San Saba,TX,5872
48413,5.9,Schleicher,TX,3064
48415,6.3,Scurry,TX,17430
48417,4,Shackelford,TX,3364
48419,6.5,Shelby,TX,25777
48421,3.4,Sherman,TX,3075
48423,5.1,Smith,TX,225305
48425,5.1,Somervell,TX,8680
48427,14.1,Starr,TX,63931
48429,5.9,Stephens,TX,9408
48431,3.8,Sterling,TX,1351
48433,4.9,Stonewall,TX,1402
48435,8.5,Sutton,TX,3865
48437,4.7,Swisher,TX,7440
48439,4.2,Tarrant,TX,2021746
48441,4,Taylor,TX,135962
48443,4.1,Terrell,TX,818
48445,5.5,Terry,TX,12826
48447,4,Throckmorton,TX,1548
48449,7.2,Titus,TX,32615
48451,4.7,Tom Green,TX,117792
48453,3.4,Travis,TX,1204582
48455,6.7,Trinity,TX,14513
48457,8.2,Tyler,TX,21434
48459,7.3,Upshur,TX,40864
48461,5,Upton,TX,3697
48463,5.6,Uvalde,TX,27106
48465,6.7,Val Verde,TX,48953
48467,4.6,Van Zandt,TX,54377
48469,5.7,Victoria,TX,92379
48471,6.2,Walker,TX,71701
48473,6.4,Waller,TX,50058
48475,5.8,Ward,TX,11589
48477,5.6,Washington,TX,34821
48479,5.2,Webb,TX,272401
48481,5.4,Wharton,TX,41634
48483,4.4,Wheeler,TX,5548
48485,4.6,Wichita,TX,131310
48487,5.4,Wilbarger,TX,12894
48489,13.3,Willacy,TX,21760
48491,3.6,Williamson,TX,527769
48493,4.2,Wilson,TX,48190
48495,8.5,Winkler,TX,7872
48497,5.1,Wise,TX,64465
48499,5.8,Wood,TX,43823
48501,5,Yoakum,TX,8625
48503,4.8,Young,TX,18079
48505,11.2,Zapata,TX,14449
48507,17.3,Zavala,TX,12091
49001,6.1,Beaver,UT,6454
49003,3.3,Box Elder,UT,52974
49005,3,Cache,UT,122342
49007,6.1,Carbon,UT,20371
49009,3.4,Daggett,UT,1081
49011,3.1,Davis,UT,341329
49013,8.6,Duchesne,UT,20315
49015,5.9,Emery,UT,10222
49017,5.3,Garfield,UT,5000
49019,3.5,Grand,UT,9656
49021,4.6,Iron,UT,49796
49023,3.4,Juab,UT,11003
49025,2.8,Kane,UT,7326
49027,3.2,Millard,UT,12682
49029,2.8,Morgan,UT,11373
49031,4.8,Piute,UT,1463
49033,2.2,Rich,UT,2306
49035,3.2,Salt Lake,UT,1121379
49037,7.3,San Juan,UT,15329
49039,4,Sanpete,UT,29303
49041,4.2,Sevier,UT,21147
49043,2.9,Summit,UT,40390
49045,3.9,Tooele,UT,64599
49047,9.8,Uintah,UT,36194
49049,3.1,Utah,UT,590475
49051,3,Wasatch,UT,30571
49053,3.5,Washington,UT,159237
49055,5.3,Wayne,UT,2685
49057,3.7,Weber,UT,247319
50001,3.1,Addison,VT,36844
50003,4,Bennington,VT,35854
50005,4.2,Caledonia,VT,30167
50007,2.7,Chittenden,VT,161522
50009,5.2,Essex,VT,6240
50011,3.2,Franklin,VT,48974
50013,3.7,Grand Isle,VT,6933
50015,3.7,Lamoille,VT,25274
50017,2.9,Orange,VT,28917
50019,4.5,Orleans,VT,26751
50021,4,Rutland,VT,59172
50023,3.1,Washington,VT,58365
50025,3.3,Windham,VT,43147
50027,3.1,Windsor,VT,55194
51001,4.3,Accomack,VA,32818
51003,3.6,Albemarle,VA,106419
51005,4.9,Alleghany,VA,15372
51007,4.3,Amelia,VA,12830
51009,4.6,Amherst,VA,31667
51011,4.7,Appomattox,VA,15505
51013,2.6,Arlington,VA,231610
51015,3.6,Augusta,VA,74774
51017,3.6,Bath,VA,4413
51019,4.1,Bedford,VA,77828
51021,6.4,Bland,VA,6475
51023,3.5,Botetourt,VA,33150
51025,5.9,Brunswick,VA,16275
51027,10.9,Buchanan,VA,22102
51029,5.1,Buckingham,VA,17060
51031,4.5,Campbell,VA,55180
51033,4.3,Caroline,VA,30071
51035,5.9,Carroll,VA,29699
51036,4.4,Charles City,VA,7023
51037,5.2,Charlotte,VA,12130
51041,3.8,Chesterfield,VA,338815
51043,3.3,Clarke,VA,14322
51045,4.4,Craig,VA,5140
51047,3.8,Culpeper,VA,50333
51049,4.6,Cumberland,VA,9742
51051,10,Dickenson,VA,15040
51053,4.8,Dinwiddie,VA,28025
51057,4.7,Essex,VA,11096
51059,3.2,Fairfax,VA,1144636
51061,3.4,Fauquier,VA,68784
51063,4.4,Floyd,VA,15658
51065,3.4,Fluvanna,VA,26169
51067,4.3,Franklin,VA,56159
51069,3.4,Frederick,VA,84684
51071,6.9,Giles,VA,16887
51073,3.6,Gloucester,VA,37101
51075,3.6,Goochland,VA,22475
51077,5.2,Grayson,VA,15869
51079,3.2,Greene,VA,19331
51081,5.1,Greensville,VA,11551
51083,6.2,Halifax,VA,34964
51085,3.5,Hanover,VA,104347
51087,3.9,Henrico,VA,326147
51089,5.4,Henry,VA,51604
51091,3,Highland,VA,2212
51093,4.4,Isle of Wight,VA,36324
51095,3.8,James City,VA,74069
51097,4.2,King and Queen,VA,7067
51099,4.1,King George,VA,25918
51101,3.7,King William,VA,16412
51103,4.4,Lancaster,VA,10778
51105,6.9,Lee,VA,24051
51107,3.2,Loudoun,VA,386279
51109,3.7,Louisa,VA,35276
51111,4.6,Lunenburg,VA,12266
51113,3.1,Madison,VA,13108
51115,3.8,Mathews,VA,8806
51117,5.6,Mecklenburg,VA,30786
51119,3.7,Middlesex,VA,10768
51121,4.5,Montgomery,VA,98440
51125,3.5,Nelson,VA,14895
51127,3.3,New Kent,VA,21030
51131,5,Northampton,VA,12006
51133,4.4,Northumberland,VA,12195
51135,4,Nottoway,VA,15510
51137,3.9,Orange,VA,35481
51139,4.5,Page,VA,23591
51141,4.5,Patrick,VA,17769
51143,4.9,Pittsylvania,VA,61673
51145,3.6,Powhatan,VA,28398
51147,5.6,Prince Edward,VA,23023
51149,4.9,Prince George,VA,37807
51153,3.6,Prince William,VA,456560
51155,10,Pulaski,VA,34240
51157,3.5,Rappahannock,VA,7333
51159,3.3,Richmond,VA,8784
51161,3.6,Roanoke,VA,93363
51163,4.3,Rockbridge,VA,22411
51165,3.6,Rockingham,VA,79298
51167,6.5,Russell,VA,27394
51169,4.6,Scott,VA,22028
51171,3.6,Shenandoah,VA,42928
51173,5.6,Smyth,VA,31075
51175,3.8,Southampton,VA,18019
51177,4.1,Spotsylvania,VA,131405
51179,4,Stafford,VA,143477
51181,5.6,Surry,VA,6570
51183,5.9,Sussex,VA,11426
51185,8.1,Tazewell,VA,42046
51187,3.9,Warren,VA,39066
51191,4.6,Washington,VA,54237
51193,4.2,Westmoreland,VA,17659
51195,8.7,Wise,VA,39034
51197,7,Wythe,VA,28942
51199,4,York,VA,67742
51510,2.9,Alexandria,VA,157288
51520,5.2,Bristol,VA,16927
51530,5.1,Buena Vista,VA,6384
51540,3.5,Charlottesville,VA,47286
51550,4.4,Chesapeake,VA,237621
51570,4.5,Colonial Heights,VA,17642
51580,5.8,Covington,VA,5582
51590,6.6,Danville,VA,41643
51595,6.4,Emporia,VA,5375
51600,3.1,Fairfax,VA,23827
51610,2.7,Falls Church,VA,13868
51620,5.9,Franklin,VA,8228
51630,4.7,Fredericksburg,VA,28271
51640,5.1,Galax,VA,6664
51650,5.7,Hampton,VA,135332
51660,5.2,Harrisonburg,VA,53943
51670,6.5,Hopewell,VA,22619
51678,7.4,Lexington,VA,7087
51680,5.5,Lynchburg,VA,79912
51683,3.5,Manassas,VA,41457
51685,3.5,Manassas Park,VA,16085
51690,6.8,Martinsville,VA,13119
51700,5.1,Newport News,VA,180388
51710,5.4,Norfolk,VA,245532
51720,7.2,Norton,VA,3988
51730,7.4,Petersburg,VA,31850
51735,3.6,Poquoson,VA,11947
51740,6.2,Portsmouth,VA,94997
51750,6.7,Radford,VA,17410
51760,4.7,Richmond,VA,225288
51770,4.4,Roanoke,VA,99743
51775,4,Salem,VA,25547
51790,3.9,Stauton,VA,24257
51800,4.7,Suffolk,VA,89294
51810,4,Virginia Beach,VA,451404
51820,4.1,Waynesboro,VA,21802
51830,5.9,Williamsburg,VA,14952
51840,3.9,Winchester,VA,27566
53001,4.8,Adams,WA,19262
53003,4.7,Asotin,WA,22310
53005,6.5,Benton,WA,193484
53007,5.1,Chelan,WA,75968
53009,7.6,Clallam,WA,74098
53011,6.6,Clark,WA,465548
53013,5.9,Columbia,WA,3997
53015,7.6,Cowlitz,WA,104756
53017,6.6,Douglas,WA,41272
53019,9.8,Ferry,WA,7542
53021,6.5,Franklin,WA,90315
53023,5.3,Garfield,WA,2257
53025,6.6,Grant,WA,93904
53027,8.7,Grays Harbor,WA,71625
53029,6,Island,WA,81638
53031,7.2,Jefferson,WA,30909
53033,3.9,King,WA,2155962
53035,5.9,Kitsap,WA,263109
53037,5.8,Kittitas,WA,44928
53039,6.5,Klickitat,WA,21306
53041,8.1,Lewis,WA,76630
53043,4.1,Lincoln,WA,10333
53045,8.3,Mason,WA,62123
53047,6.1,Okanogan,WA,41479
53049,7.7,Pacific,WA,21209
53051,8.9,Pend Oreille,WA,13126
53053,6.5,Pierce,WA,859752
53055,3.9,San Juan,WA,16296
53057,6.7,Skagit,WA,123390
53059,6.7,Skamania,WA,11593
53061,4.3,Snohomish,WA,786946
53063,6.3,Spokane,WA,497437
53065,7.9,Stevens,WA,44214
53067,5.9,Thurston,WA,273923
53069,8.4,Wahkiakum,WA,4176
53071,5.6,Walla Walla,WA,59992
53073,6.3,Whatcom,WA,216274
53075,5.5,Whitman,WA,48528
53077,7.3,Yakima,WA,249323
54001,5.8,Barbour,WV,16720
54003,4,Berkeley,WV,113270
54005,8.5,Boone,WV,22795
54007,6.9,Braxton,WV,14341
54009,6.5,Brooke,WV,22707
54011,4.8,Cabell,WV,95669
54013,8.5,Calhoun,WV,7367
54015,9.1,Clay,WV,8843
54017,4.9,Doddridge,WV,8583
54019,6.8,Fayette,WV,44102
54021,6.8,Gilmer,WV,8128
54023,6.1,Grant,WV,11643
54025,4.5,Greenbrier,WV,35494
54027,4.1,Hampshire,WV,23343
54029,6.5,Hancock,WV,29621
54031,5.3,Hardy,WV,13731
54033,5.4,Harrison,WV,68280
54035,5.9,Jackson,WV,29172
54037,3.4,Jefferson,WV,55848
54039,5.2,Kanawha,WV,186097
54041,7.1,Lewis,WV,16292
54043,7.4,Lincoln,WV,21096
54045,10,Logan,WV,33644
54047,13.1,McDowell,WV,19139
54049,6,Marion,WV,56477
54051,7,Marshall,WV,31705
54053,7,Mason,WV,26909
54055,6.7,Mercer,WV,60494
54057,6,Mineral,WV,27322
54059,11.7,Mingo,WV,24677
54061,4.5,Monongalia,WV,104771
54063,4.5,Monroe,WV,13477
54065,4.5,Morgan,WV,17583
54067,8.5,Nicholas,WV,25291
54069,5.3,Ohio,WV,42598
54071,3.5,Pendleton,WV,6987
54073,7.5,Pleasants,WV,7512
54075,5.1,Pocahontas,WV,8518
54077,5.2,Preston,WV,33711
54079,4.6,Putnam,WV,56692
54081,6.3,Raleigh,WV,76259
54083,5.3,Randolph,WV,28962
54085,5.9,Ritchie,WV,9942
54087,8.5,Roane,WV,14128
54089,5.5,Summers,WV,13004
54091,5.2,Taylor,WV,16947
54093,4.8,Tucker,WV,7041
54095,8.1,Tyler,WV,8958
54097,7,Upshur,WV,24610
54099,6.3,Wayne,WV,40680
54101,8.2,Webster,WV,8575
54103,8.1,Wetzel,WV,15641
54105,8.1,Wirt,WV,5770
54107,5.7,Wood,WV,85718
54109,9.4,Wyoming,WV,21753
55001,5.6,Adams,WI,19997
55003,5.1,Ashland,WI,15634
55005,3.9,Barron,WI,45267
55007,5.8,Bayfield,WI,14940
55009,3.6,Brown,WI,259586
55011,4.2,Buffalo,WI,13160
55013,4.9,Burnett,WI,15229
55015,3.4,Calumet,WI,49648
55017,3.6,Chippewa,WI,63567
55019,3.2,Clark,WI,34558
55021,3.3,Columbia,WI,56893
55023,4.3,Crawford,WI,16280
55025,2.8,Dane,WI,530257
55027,3.7,Dodge,WI,87428
55029,3.4,Door,WI,27348
55031,5.2,Douglas,WI,43392
55033,3.8,Dunn,WI,44327
55035,3.4,Eau Claire,WI,102885
55037,5.5,Florence,WI,4334
55039,3.6,Fond du Lac,WI,102210
55041,6.2,Forest,WI,9020
55043,3.7,Grant,WI,51993
55045,3.1,Green,WI,36812
55047,3.9,Green Lake,WI,18623
55049,3,Iowa,WI,23470
55051,7,Iron,WI,5665
55053,3.7,Jackson,WI,20472
55055,3.9,Jefferson,WI,84545
55057,4,Juneau,WI,26359
55059,4.8,Kenosha,WI,167869
55061,3.1,Kewaunee,WI,20384
55063,3.7,La Crosse,WI,117723
55065,2.9,Lafayette,WI,16776
55067,5.4,Langlade,WI,19086
55069,4.3,Lincoln,WI,27854
55071,4.3,Manitowoc,WI,79331
55073,3.4,Marathon,WI,135195
55075,5.2,Marinette,WI,40289
55077,4.7,Marquette,WI,15137
55078,8.6,Menominee,WI,4537
55079,5.5,Milwaukee,WI,955369
55081,3.5,Monroe,WI,45356
55083,3.9,Oconto,WI,37471
55085,4.3,Oneida,WI,35374
55087,3.5,Outagamie,WI,184654
55089,3.4,Ozaukee,WI,88177
55091,3.2,Pepin,WI,7266
55093,3.8,Pierce,WI,41428
55095,3.8,Polk,WI,43297
55097,3.5,Portage,WI,70188
55099,3.8,Price,WI,13424
55101,5.3,Racine,WI,195010
55103,3.4,Richland,WI,17520
55105,4.3,Rock,WI,161421
55107,4.5,Rusk,WI,14092
55109,3.5,St. Croix,WI,87645
55111,3.1,Sauk,WI,63604
55113,5.6,Sawyer,WI,16348
55115,3.9,Shawano,WI,40941
55117,3.3,Sheboygan,WI,115127
55119,3.5,Taylor,WI,20275
55121,3.4,Trempealeau,WI,29624
55123,3.1,Vernon,WI,30543
55125,4.5,Vilas,WI,21464
55127,4,Walworth,WI,102775
55129,4.6,Washburn,WI,15610
55131,3.4,Washington,WI,134372
55133,3.6,Waukesha,WI,398225
55135,3.7,Waupaca,WI,51354
55137,4.6,Waushara,WI,24132
55139,3.7,Winnebago,WI,169555
55141,4.7,Wood,WI,73196
56001,3.3,Albany,WY,37987
56003,4.4,Big Horn,WY,11941
56005,6.8,Campbell,WY,48800
56007,4.1,Carbon,WY,15727
56009,6,Converse,WY,14127
56011,4,Crook,WY,7497
56013,6.6,Fremont,WY,40245
56015,3.3,Goshen,WY,13355
56017,4.3,Hot Springs,WY,4669
56019,4.4,Johnson,WY,8496
56021,4,Laramie,WY,97968
56023,3.8,Lincoln,WY,19076
56025,6.8,Natrona,WY,80892
56027,3.3,Niobrara,WY,2470
56029,3.7,Park,WY,29412
56031,4.6,Platte,WY,8675
56033,4,Sheridan,WY,30049
56035,5.4,Sublette,WY,10002
56037,5.7,Sweetwater,WY,44245
56039,2,Teton,WY,23180
56041,5.3,Uinta,WY,20711
56043,4.5,Washakie,WY,8188
56045,4.9,Weston,WY,7198
15005,3.2,Kalawao,HI,88